id,name,type,model,description,price,length_cm,height_cm,width_cm,weight_kg,technical_specs,technical_doc,confidence_score,llm2llm_score,retries_number
01K097SBCM733TKCVYYM3TAA4X,"GRETSCH  - 6x14"" ROSEWOOD VINTAGE '70",Caisses Claires,"6x14"" ROSEWOOD VINTAGE '70","Caisse claire vintage en palissandre des années 70, cette Gretsch 6x14 offre un son profond, chaleureux et boisé, avec une attaque précise et une belle projection, idéale pour les registres soul, funk ou jazz exigeant du caractère.",650,15.2,15.2,14,4.99,"{'Fût': 'Acajou de Rio (palissandre), construction multiplis vintage années 1970', 'Profondeur de fût': '6 po', 'Diamètre de fût': '14 po', 'Accastillage': 'Cercles emboutis, coquilles séparées, tirants à pas fin', 'Déclencheur': 'Mécanisme simple effet avec réglage de tension, butt plate fixe', 'Timbres': 'Timbre acier 20 brins (configuration standard d’époque)', 'Chanfreins': 'Chanfreins arrondis typiques Gretsch 70’s pour une attaque douce et un sustain contrôlé', 'Sonorité': 'Timbre chaud et boisé, attaque légèrement sombre, projection moyenne à forte, adapté rock, fusion, studio vintage', 'Finition': 'Placage naturel de palissandre verni (grain de bois apparent)'}",https://www.gretschdrums.com/products/snare-drums/gold-series/rosewood,85.76,0.0,0
01K097NN79YDRW01A7CAP2AS5P,"C&C - 5x14"" ABALONE CUSTOM",Caisses Claires,"5x14"" ABALONE CUSTOM","Le C&C 5x14 Abalone Custom est un cajón à caisse en érable offrant un son gras, riche et sec avec un snap maple caractéristique, sublimé par un fini abalone éclatant et personnalisable.",2800,35.6,14,14,,"{'Fût': 'Érable', 'Profondeur_du_fût': '5 po', 'Diamètre_du_fût': '14 po', 'Type_de_fût': 'Fût 100 % érable, construction personnalisée C&C', 'Chanfreins': 'Chanfreins modernes type C&C (standard constructeur, 45° avec léger arrondi extérieur)', 'Déclencheur': 'Déclencheur latéral type C&C / style vintage', 'Cercles': 'Cercles emboutis acier', 'Tirants_par_côté': '8', 'Coquilles': 'Coquilles séparées style tube / vintage', 'Finition': 'Placage décoratif Abalone sous vernis brillant', 'Peaux_de_frappe': 'Peau simple pli type coated (montage standard C&C)', 'Peaux_de_résonance': 'Peau simple pli transparente pour caisse claire', 'Timbres': 'Timbre métal, 20 brins'}",https://reverb.com/item/7598430-c-c-custom-5x14-maple-snare-w-abalone,0.0,0.0,5
01K097NRFEMK6JKM2E1ZFV8FB0,"CRAVIOTTO - 5x14""SOLID MAPLE-POPLAR-MAPLE",Caisses Claires,"5x14""SOLID MAPLE-POPLAR-MAPLE","Caisse claire Craviotto 5x14 Solid Maple-Poplar-Maple : chef-d'œuvre artisanal à coque monobloc steam-bent en érable-plopier-érable, offrant une résonance exceptionnelle, une réponse dynamique et un son riche prisé sur les plus grandes scènes.",1500,35.6,14,14,4.5,"{'Fût': '1 pli massif érable / peuplier / érable, cintré à la vapeur', 'Profondeur du fût': '5\xa0po', 'Diamètre': '14\xa0po', 'Chanfreins': '45°', 'Cercles': 'Triple-flanged acier', 'Tirants': '10 tirants double-embout', 'Déclencheur': 'Type haut de gamme (style Trick GS007 ou équivalent)', 'Chanfreins internes': 'Renforts internes en érable massif', 'Finition': 'Huile naturelle (satin) mettant en valeur les veines du bois', 'Réponse en fréquence': 'Large spectre, graves chaleureux et aigus contrôlés, typés érable/peuplier (non communiqué par le fabricant en Hz)', 'Accastillage': 'Chromé', 'Peaux': 'Batter (sablée) et résonant (clair) de type simple pli qualité professionnelle', 'Sensibilité': 'Très élevée, grâce au fût 1 pli massif et à la construction artisanale'}",https://www.craviottodrums.com,49.51,0.0,0
01K097NVQ1SP926K3GYS1S4ZBE,"CRAVIOTTO - 5,5x14""",Caisses Claires,"5,5x14""","La caisse claire Craviotto 5,5x14 offre un son puissant et polyvalent grâce à sa coque monobloc méticuleusement usinée, signature du luthier Adrian Craviotto. Réputée pour sa sensibilité exceptionnelle et sa projection musicale, elle excelle en studio comme sur scène pour tous styles.",1800,35.6,13.97,14,3.2,"{'Profondeur': '5,5""', 'Diamètre': '14""', 'Matériaux coquille possibles': 'Érable, Cuivre, Laiton, Hêtre, Frêne', 'Cerceaux': '2,3 mm flangés', 'Nombre de tirants': '8 ou 10', 'Type de tirants': 'Tube lugs, Marquise lugs', 'Bords de timbale': '45°', 'Straps de caisse claire': 'Craviotto, Puresound (16 ou 12 brins)', 'Matériel': 'Plaqué nickel', 'Lanceur': 'Vintage style', 'Finition': 'Huile naturelle'}",https://percustudio.com/site/public/pdfs/CRAVSD48.pdf,37.53,0.0,0
01K097NYYM4A37SVQD4Y1VBR67,"CRAVIOTTO - 6x14"" SOLID MAPLE",Caisses Claires,"6x14"" SOLID MAPLE","Caisse claire haut de gamme en érable monobloc, cette Craviotto 6x14 offre un son chaleureux, précis et très réactif, avec une projection généreuse qui convient aussi bien au studio qu’à la scène, du jeu délicat aux frappes les plus musclées.",1500,14,15.2,35.56,6.8,"{'Fût': 'Fût monobloc en érable massif cintré à la vapeur avec renforts de chanfrein en érable', 'Épaisseur du fût': '≈ 6 mm (environ 1/4"")', 'Chanfreins': '45° avec léger arrondi extérieur', 'Cerclages': 'Cercles triple-flange', 'Tirants': '10 tirants avec coquilles type tube', 'Déclencheur': 'Déclencheur de timbre type Trick GS007 ou équivalent haut de gamme', 'Timbres': 'Timbre 20 brins', 'Peaux d’origine': 'Batter : sablée type une pli (style Remo Ambassador), Résonant : claire fine (style Remo Hazy Ambassador)', 'Finition': 'Finition huilée mettant en valeur le veinage de l’érable', 'Fabrication': 'Fabrication artisanale aux États-Unis'}",https://www.craviottodrums.com,64.34,0.0,0
01K097P268B7MYW0MPCT970QP3,"DW - 6,5x14"" COLLECTOR'S STEEL STAINLESS",Caisses Claires,"6,5x14"" COLLECTOR'S STEEL STAINLESS","Caisse claire DW Collector's 6,5x14 en acier inoxydable, ultra sensible et puissante, idéale pour les gros backbeats rock comme pour les nuances fines, avec un son brillant, tranchant, riche en harmoniques et une projection massive.",2000,35.6,16.5,35.56,5.4,"{'Fût': 'acier inoxydable, épaisseur 1 mm, roulé', 'Accastillage': 'tirants True-Pitch, déclencheur et tendeur de timbre nickelés, embouts et piques nickelés', 'Cercles': 'cercles emboutis 3,0 mm en acier nickelé', 'Timbre': 'timbre acier, 20 brins (configuration standard Collector’s)', 'Peaux': 'configuration standard double-pli sablée dessus / simple-pli clair dessous d’usine', 'Autres caractéristiques': 'système de sourdine interne absent, finition acier inox poli'}",https://www.dwdrums.com/product/dw-stainless-steel-snare-drum-6-5x14/,43.98,0.0,0
01K097P5ENR0AMV7YK50V4FM9F,"DW - 6x13"" COLLECTOR'S WOOD",Caisses Claires,"6x13"" COLLECTOR'S WOOD","Caisse claire compacte et nerveuse, la DW Collector’s 6x13 offre un son précis, claquant et très réactif, parfait pour les backbeats tranchants, les ghost notes détaillées et les réglages tendus modernes.",1400,33.0,13,13,2.9,"{'Accastillage': 'Chrome', 'Déclencheur de timbre': 'Système MAG avec butée 3 positions', 'Cerclages': 'True Hoops 2,3 mm', 'Tirants': '10 tirants par côté avec tirants True-Pitch 50', 'Chanfreins de fût': '45°', 'Timbre': 'Timbre 20 brins en acier', 'Sourdine intégrée': 'Non', 'Origine de fabrication': 'États-Unis'}",https://www.dwdrums.com/drums/snares/,85.42,0.0,0
01K097P8PCDJ42A4TQE2BJ40HH,"DW - 5,5x14"" COLLECTOR'S COPPER",Caisses Claires,"5,5x14"" COLLECTOR'S COPPER","La caisse claire DW Collector's 5,5x14 Copper excelle par son shell en cuivre offrant un son brillant, percutant et métallique, idéal pour tous styles. Finition premium et fabrication artisanale à Oxnard pour une résonance exceptionnelle en location backline.",2200,35.6,13.97,35.56,7.5,"{'Fût': 'Cuivre martelé ou laminé, épaisseur env. 1 mm (série métal Collector’s)', 'Profondeur': '5,5""', 'Diamètre': '14""', 'Chanfreins': '45° typiques caisse claire DW métal (attaque précise, bonne projection)', 'Cercles': 'Cercles emboutis lourds 3 mm type True Hoops', 'Tirants': '10 tirants par côté, pas fin True-Pitch pour accordage précis', 'Déclencheur': 'Système MAG avec butt plate 5 positions (réglage fin de tension du timbre)', 'Timbres': 'Timbres acier 20 brins type True-Tone', 'Peaux': 'Batter côté frappe DW sablée blanche / côté résonant DW transparente fine spéciale caisse claire', 'Accastillage': 'Accastillage chromé ou nickel noir selon finition de la série Collector’s Copper', 'Accordage et sonorité': 'Projection élevée, attaque tranchante, médiums présents, graves contrôlés, très sensible aux nuances grâce à la faible épaisseur du fût'}",https://www.dwdrums.com/drums/collectors-series/,43.93,0.0,0
01K097PC0KXFQ3N0CESJKRNWKP,"DW - 5,5x14"" COLLECTOR'S NATURAL SATIN VINTAGE '90",Caisses Claires,"5,5x14"" COLLECTOR'S NATURAL SATIN VINTAGE '90","La caisse claire DW Collector's 5,5x14 Natural Satin Vintage '90 est un modèle vintage iconique à finition satinée naturelle, offrant une résonance exceptionnelle et un punch précis grâce à ses coques en érable premium. Parfaite pour les backlines Mulster, elle excelle en projection et sustain contrôlé pour tous styles de musique live.",1200,35.6,14.0,35.56,5.9,"{'Fût': 'Érable nord-américain, construction Specialized Shell Configuration (SSC)', 'Profondeur_fut': '5,5 po', 'Diametre_fut': '14 po', 'Chanfreins': 'Chanfreins de précision DW pour attaque et sustain optimisés', 'Cercles': 'Cercles emboutis True-Hoops 3,0 mm', 'Tirants': 'Tirants True-Pitch pour accordage précis', 'Déclencheur_de_timbre': 'Système MAG avec butt plate 5 positions', 'Timbres': '20 brins True-Tone', 'Finition': 'Satin Oil naturel', 'Accastillage': 'Chromé', 'Peaux_batterie': 'Peau de frappe Remo Coated Ambassador, peau de résonance Remo Hazy Ambassador'}",https://www.dwdrums.com/drums/collectors-series/,94.06,0.0,0
01K097PF94RBVNKM6MWX4P0FM6,"DW - 5,5x14"" COLLECTOR'S BROCKEN GLASS",Caisses Claires,"5,5x14"" COLLECTOR'S BROCKEN GLASS","Caisse claire DW Collector's Series 5,5x14 Broken Glass : coque en érable nord-américain offrant un son riche, chaleureux et percutant, idéal pour tous styles. Profondeur optimisée pour une réponse rapide, brossage précis et puissance live/studio, avec finition verre brisé éclatante.",676,35.6,5.5,14,3.2,"{'Matériau coque': 'Érable nord-américain dur (Standard Maple)', 'Epaisseur coque': '10 plis + 6 plis anneaux de renforcement', 'Jantes': 'True Hoops (triple bride)', 'Tirant snare': 'MAG throw-off', 'Tiges de tension': 'True-Pitch 50', 'Finition': 'Broken Glass', 'Matériel hardware': 'Chrome', 'Profondeur coquille': '5,5 pouces', 'Diamètre': '14 pouces'}",https://www.dwdrums.com/drums/snare-drums/collectors-series/,84.37,0.0,0
01K097PJGQZEM2NBEA0PJHVGHE,"DW  - 5,5x14"" CRAVIOTTO SOLID MAPLE",Caisses Claires,"5,5x14"" CRAVIOTTO SOLID MAPLE","Caisse claire haut de gamme en érable massif une pli, cette DW / Craviotto 5,5x14 offre une réponse ultra rapide, une grande sensibilité aux ghost notes et un son chaud, boisé et très articulé, idéal du jazz aux contextes studio exigeants.",1600,35.6,14,14,6.8,"{'Finition du fût': 'Érable massif monoplies (steam-bent)', 'Profondeur du fût': '5.5""', 'Diamètre du fût': '14""', 'Type de chanfreins': '45°', 'Cercles': 'Cercles emboutis 2,3 mm', 'Nombre de tirants': '10 tirants', 'Déclencheur de timbre': 'Déclencheur type Trick', 'Timbres': '20 brins', 'Peaux d’origine': 'Batterie Remo Ambassador sablée, résonance Remo Ambassador transparente', 'Type de fût': 'Fût à caisse claire une seule pliure, érable massif'}",https://fr.audiofanzine.com/kit-batterie-acoustique/dw/drum-workshop-collector-s-snare-5-5x14-craviotto-solid-maple/medias/documents/,86.51,0.0,0
01K097PNTV5CADM6FYV396KKZJ,"DW - 5x14"" COLLECTOR'S BLACK MIRRA",Caisses Claires,"5x14"" COLLECTOR'S BLACK MIRRA","La caisse claire DW 5x14 Collector's Black Mirra offre un son puissant et résonant grâce à sa coquille en laiton noir miroitant, signature de la légendaire série Collector's, fabriquée artisanalement en Californie pour une attaque incisive et une projection exceptionnelle en live.",800,35.6,14,35.56,3.5,"{'Profondeur': '5""', 'Diamètre': '14""', 'Matériau coque': 'Érable', 'Type coque': 'VLT avec anneaux de renforcement', 'Strainer': 'MAG', 'Plate-forme de talon': '5 positions', 'Cercles': 'True-Hoops', 'Tirants de tension': 'True-Pitch'}",https://www.dwdrums.com/drums/snares/,90.1,0.0,0
01K097PS3TJBGNG9E8NS2T44R1,"DW - 5x14"" COLLECTOR'S OYSTER",Caisses Claires,"5x14"" COLLECTOR'S OYSTER","Caisse claire haut de gamme issue de la série Collector’s de DW, ce modèle 5x14 finition Oyster offre le son précis et moderne typique des fûts US DW, avec beaucoup de projection, une excellente sensibilité et une grande polyvalence, du studio aux grosses scènes.",900,35.56,14,35.56,3.63,"{'Matériau': 'Érable nord-américain', 'Construction caisse claire': '10 plis', 'Anneaux de renforcement': 'Oui (6 plis)', 'Système de montage': 'STM (Suspension Tom Mount)', 'Tiges de tension': 'True-Pitch (5 mm)', 'Bords de timbale': '45°', 'Épaisseur coque': '4,2 mm', 'Matériau hardware': 'Acier', 'Arceaux': 'Brevetés', 'Attaches': 'Brevetées'}",https://www.dwdrums.com/drums/collectors-series/,90.47,0.0,0
01K097PWBPHA3YRRWJ4X71FTFC,"DW - 5x13"" COLLECTOR'S BROCKEN GLASS",Caisses Claires,"5x13"" COLLECTOR'S BROCKEN GLASS","La caisse claire DW Collector's 5x13 Broken Glass offre un son percutant et résonant grâce à sa finition éclatante Broken Glass, signature de la légendaire série Collector's, fabriquée artisanalement pour une projection exceptionnelle en live ou studio.",650,4,12.7,33.0,5.9,"{'Finition': 'Wrap Broken Glass', 'Fût': 'Érable nord-américain (série Collector, construction Specialized Shell Configuration)', 'Épaisseur du fût': '8 plis avec renforts internes 3 plis (configuration typique érable Collector’s)', 'Chanfreins': 'Chanfreins à 60°', 'Accastillage': 'Coquilles Turret Lugs DW Collector’s', 'Cerclages': 'True-Hoops acier', 'Système de timbre': 'Déclencheur de timbre DW (lancer/arrêt progressif), timbre 20 brins (configuration standard Collector’s)', 'Coquilles et tirants': 'Tirants True-Pitch haute précision', 'Peau de frappe (type)': 'Simple pli sablée (type Ambassador)', 'Peau de résonance (type)': 'Simple pli transparente', 'Profondeur': '5 in', 'Diamètre': '13 in', 'Nombre de tirants': '8 par côté'}",https://www.manuall.fr/dw-collectors-series-mode-demploi,86.28,0.0,0
01K097PZKTSVDBEQ5Y8GZ2WRQH,"DW - 5x13"" COLLECTOR'S NATURAL SATIN VINTAGE '90",Caisses Claires,"5x13"" COLLECTOR'S NATURAL SATIN VINTAGE '90","Caisse claire DW Collector’s 5x13 des années 90 en finition Natural Satin, au look sobre et chaleureux. Son fût compact délivre un son précis, claquant et très réactif, idéal pour les grooves funk, pop ou fusion en contexte live.",450,33.0,12.7,33,10,"{'Fût': 'Construction monobloc dite *Super Solid* en érable nord‑américain', 'Profondeur du fût': '5 po', 'Diamètre du fût': '13 po', 'Finition': 'Satin naturel', 'Chanfrein': 'Chanfrein moderne typé caisse claire (profil DW Collector’s Series)', 'Cercles': 'Cercles emboutis triple-flange', 'Tirants': 'Tirants True-Pitch DW avec coquilles ""turret""', 'Déclencheur de timbre': 'Système DW type MAG avec plaque de rappel 3 positions (3P) sur la gamme Collector’s', 'Timbres': 'Timbres acier type True-Tone DW', 'Accastillage': 'Accastillage chromé', 'Année de production approximative': 'Années 1990', 'Origine de fabrication': 'USA'}",https://www.dwdrums.com/drums/collectors-series/,92.7,0.0,0
01K097Q2X1YM25WSY5D271DV03,"DW - 4x14"" COLLECTOR'S BROCKEN GLASS",Caisses Claires,"4x14"" COLLECTOR'S BROCKEN GLASS","Caisson de caisse claire piccolo DW Collector's Series 4x14 Broken Glass au fini scintillant spectaculaire, fabriqué main en érable pur nord-américain pour une attaque tranchante, une projection puissante et une résonance maximale, idéal pour les studios et scènes live.",360,14,14,35.5,3.0,"{'Finition du fût': 'Revêtement FinishPly Broken Glass scintillant', 'Profondeur du fût': '4 po', 'Diamètre du fût': '14 po', 'Matériau du fût': 'Érable nord-américain (série Collector)', 'Type de fût': 'Fût laminé avec renforts internes (spécification Collector)', 'Chanfreins': 'Chanfreins à 60° typiques série Collector pour attaque et projection', 'Cercles': 'Cercles emboutis type True Hoops', 'Tirants': '10 tirants', 'Déclencheur de timbre': 'Système DW MAG (avec butée 3 positions)', 'Timbres': 'Timbre DW True Tone haute sensibilité', 'Coquilles': 'Coquilles DW Turret', 'Coquille évent': 'Event DW True-Pitch', 'Accastillage': 'Accastillage chromé', 'Utilisation recommandée': 'Piccolo caisse claire polyvalente pour studio et live, son claquant avec forte projection'}",https://www.dwdrums.com/owners-resources/manuals/,84.53,0.0,0
01K097Q66S2TGPX6G9XR46CX6G,"DW - 4x14"" COLLECTOR'S COPPER",Caisses Claires,"4x14"" COLLECTOR'S COPPER","La DW 4x14 Collector's Copper offre un son chaud et résonant grâce à sa coquille en cuivre poli de 3 mm, idéale pour des attaques précises et un sustain riche lors de concerts et tournées.",720,35.56,4,35.56,3.9,"{'Fût': 'Fût en cuivre', 'Finition': ""Finition cuivre brut / poli (série métal Collector's)"", 'Epaisseur_du_fut': ""Environ 1 mm (coquille métal standard Collector's)"", 'Chanfreins': 'Chanfreins à 45° typiques DW sur cercle de fût', 'Déclencheur_de_timbres': 'Système DW MAG avec butt plate 5 positions', 'Cerclages': 'Cerclages True-Hoops 3,0 mm', 'Tirants': 'Tirants True-Pitch 50', 'Nombre_de_tirants_par_cote': '10', 'Nombre_de_tirants_total': '20', 'Timbres': 'Timbres True-Tone 20 brins', 'Accastillage': ""Accastillage type Collector's Series (turret lugs)"", 'Peau_de_frappe': 'Peau DW Coated White', 'Peau_de_reponse': 'Peau DW Hazy Snare Bottom', 'Profondeur': '4""', 'Diametre': '14""'}",https://www.dwdrums.com/products/drvp0414-polished-copper-snare-drum-4x14/,87.04,0.0,0
01K097Q9FPJ6QFR2T73QVJP7VG,"GMS - 7x12"" CL NATURAL LACQUER MAPLE",Caisses Claires,"7x12"" CL NATURAL LACQUER MAPLE","Caisson de basse GMS 7x12 en érable laqué naturel, offrant un son chaud et punchy avec une grande clarté tonale, idéal pour une attaque précise et une projection puissante en live ou en studio.",0,17.8,17.8,30.48,4.5,"{'Matériau Fût': 'Érable', 'Construction Fût': '6 plis, 5 mm', 'Profondeur': '7 pouces', 'Diamètre': '12 pouces', 'Type': 'Caisse claire', 'Jantes': 'Triple bride 1.6 mm', 'Tirants': '8'}",https://www.gmsdrums.com/collections/snare-drums,0.0,0.0,5
01K097QCRS150N3QARPG1ECPYA,"GMS - 7x14"" SE RASPBERRY SPARKLE MAPLE",Caisses Claires,"7x14"" SE RASPBERRY SPARKLE MAPLE","Caisse claire GMS Special Edition 7x14 en érable, offrant une projection puissante et une grande sensibilité, habillée d’un éclatant Raspberry Sparkle qui ressort autant visuellement que dans le mix.",650,35.6,17.8,35.56,4.5,"{'Fût': 'Érable nord‑américain, 8 plis, construction Special Edition avec technologie Keller VSS[8]', 'Profondeur du fût': '7″', 'Diamètre du fût': '14″', 'Cercles': 'Triple flange 2,3 mm (type GMS SE, 10 tirants – déduction par analogie avec la série Special Edition)[8]', 'Nombre de tirants': '10 (inférence, configuration standard GMS 7x14 SE)[8]', 'Déclencheur de timbre': 'Déclencheur latéral GMS (type SE, inféré)', 'Timbres': 'Timbre standard 20 brins (inféré, usage courant GMS)', 'Accastillage': 'Chanfreins de précision, coquilles basse masse GMS (caractéristique des séries SE – inféré)[8]', 'Finition': 'Raspberry Sparkle (paillettes framboise)', 'Peaux fournies': 'Peaux simple pli de type ambassadore / medium (inféré, montage usine courant sur SE)'}",https://reverb.com/item/29944-gms-drums-7x14-mapa-burl-snare-drum-maple-shell,94.25,0.0,0
01K097QG2KN9BSQARR9MZB9XKE,"GMS - 6,5x14"" 10TH ANNIVERSARY OAK",Caisses Claires,"6,5x14"" 10TH ANNIVERSARY OAK","La caisse claire GMS 6,5x14 10TH ANNIVERSARY OAK est une édition limitée anniversaire en chêne massif, offrant un son chaleureux, puissant et résonant. Parfaite pour les concerts et tournées, elle excelle par sa sensibilité et sa projection idéale en backline Mulster.",800,36.8,14,14,5.9,"{'Fût': 'Chêne massif', 'Profondeur du fût': '6,5""', 'Diamètre du fût': '14""', 'Cerclages': 'Type embouti ou moulé (10 tirants)', 'Tirants': '10 tirants par côté', 'Déclencheur de timbre': 'Déclencheur simple effet à réglage fin', 'Timbres': 'Timbre acier 20 brins (type standard)', 'Accastillage': 'Finition chromée', 'Peaux': 'Peaux simple pli (type sablée dessus, claire dessous)'}",https://www.gmsdrums.com/,92.7,0.0,0
01K097QKBAH23S0CTX3SF1BQVR,"GMS - 6x14"" NEW CL COPPER",Caisses Claires,"6x14"" NEW CL COPPER","Caisse claire GMS 6x14 New CL Copper : caisse claire compacte de 6 de profondeur, au son percutant et précis idéal pour les backlines live. Finition cuivre premium pour une résonance riche et une projection puissante sur scène, parfaite pour tournées et résidences.[web:0]",695,35.6,35.6,15.24,6.5,"{'Fût': 'Cuivre martelé', 'Profondeur du fût': '0,152 m', 'Diamètre du fût': '0,356 m', 'Finition du fût': 'Cuivre brut poli', 'Cercles': 'Fers cerclés moulés (die-cast hoops) 10 tirants', 'Déclencheur de timbre': 'Déclencheur progressif à réglage fin', 'Timbres': 'Timbre 20 brins acier', 'Chanfreins': 'Chanfreins précis usinés pour projection maximale', 'Accastillage': 'Accastillage chromé haute résistance', 'Accordage': 'Tirants avec rondelles pour accordage précis', 'Usage recommandé': 'Jeu puissant, rock, pop, studio et live à fort volume'}",https://fr.audiofanzine.com/caisse-claire-acoustique/gms/drums-6x14-new-classic-copper-snare/manual/,96.47,0.0,0
01K097QPKN9A6PMMV1FXTJ0ZGY,"GMS  - 6x14"" 25TH ANNIVERSARY REVOLUTION",Caisses Claires,"6x14"" 25TH ANNIVERSARY REVOLUTION","Caisse claire édition 25e anniversaire mêlant fût érable haut de gamme et fine couche de métal intérieur, offrant attaque brillante, chaleur boisée et projection moderne, idéale pour signatures puissantes en studio comme sur scène.",650,14,15.24,14,3.6,"{'Fût': 'Érable avec fine couche interne de métal véritable (hybride érable/métal)', 'Nombre de plis du fût': '6 plis (érable)', 'Épaisseur du fût': '5,1 mm', 'Chanfreins': '45° intérieur avec faible contre‑chanfrein 45° extérieur', 'Cercles': 'Frappe moulés sous pression, résonance triple-flange', 'Tirants': '10 tirants par côté', 'Déclencheur de timbre': 'Système de déclencheur et butt haute précision GMS', 'Timbre': 'Timbre acier 20 brins', 'Finition': 'Extérieur laqué satiné, intérieur métallisé (série Revolution)', 'Accastillage': 'Accastillage chromé'}",http://gmsdrums.com/drums/snares/revolution/,84.58,0.0,0
01K097QSXJWE87GTP4CEJP11T1,"GMS  - 5,5x14"" NEW CL ACRYLIC",Caisses Claires,"5,5x14"" NEW CL ACRYLIC","Caisse claire acrylique 5,5x14 au look transparent percutant, offrant une projection claire et tranchante idéale pour le rock et la pop. Son attaque précise et sa grande sensibilité mettent en valeur chaque nuance, tout en restant puissante sur scène comme en studio.",0,39.9,14,35.56,4.5,"{'Fût': 'Acrylique transparent, profondeur 5,5"" et diamètre 14""', 'Cercles': 'Cercles emboutis 10 tirants', 'Chanfreins': 'Chanfreins de précision 45°', 'Déclencheur': 'Système de déclenchement latéral haute précision', 'Timbre': 'Timbre 20 brins', 'Coquilles': 'Coquilles type tube GMS', 'Accastillage': 'Finition chromée'}",https://fr.audiofanzine.com/caisse-claire-acrylique/gms/5-5x14-new-cl-acrylic/,0.0,0.0,5
01K097QX6V6YFXGBCATJ9YYAS6,"GMS  - 5x14"" SPECIAL EDITION ROSEWOOD",Caisses Claires,"5x14"" SPECIAL EDITION ROSEWOOD","Caisse claire GMS 5x14 Special Edition Rosewood, édition limitée au bois de palissandre indien massif, d'une densité exceptionnelle pour un son chaud, puissant et résonant. Finition naturelle premium et hardware chromé, parfaite pour booster vos performances live avec Mulster.",650,35.56,12.7,35,7,"{'Matériau de la caisse': 'Palisandre indien', 'Épaisseur de la caisse': '7,5 mm', 'Nombre de plis': '15', 'Bordure de timbale': '45°', 'Finition': 'Naturelle', 'Couleur du matériel': 'Chrome', 'Tendeur': 'Roller Action (6302N/6303N)', 'Contre-tendeur': 'Roller Action (6303N)', 'Lugs': 'Original Superstar Lug (6371N)', 'Cercles': 'Die-Cast (10 trous)'}",https://tama.com/eu/products/snare/mastercraft/rw255/,94.24,0.0,0
01K097R0G110E3AHCEFDQ2B8Y2,"GMS  - 5x14"" 15TH ANNIVERSARY COPPER",Caisses Claires,"5x14"" 15TH ANNIVERSARY COPPER","Cette caisse claire anniversaire GMS en cuivre martelé à la main offre un look luxueux et une sonorité métal chaleureuse, puissante mais contrôlée, sans dureté. Son registre est très large : ultra sensible aux nuances fines, elle peut aussi délivrer de gros backbeats avec une projection impressionnante.",900,14,12.7,14,6.8,"{'Fût': 'Cuivre martelé à la main, épaisseur 1/16"" avec cercles de renfort massifs', 'Cerclages': 'Fonds emboutis (type emboutis/pression)', 'Déclencheur de timbre': 'Système Grand Master usiné main', 'Timbres': 'Timbre caisse claire 20 brins', 'Nombre de tirants': '10 tirants par côté', 'Finition fût': 'Cuivre hautement poli', 'Couleur fût': 'Cuivre naturel poli', 'Fabrication': 'États-Unis', 'Accastillage': 'Accastillage haut de gamme, lugs Special Edition', 'Peaux': 'Peaux simple pli type batteur/résonant standard'}",http://www.drumsontheweb.com/DOTWpages/Drumkeypages/manu-newspages/02-manunews/GMS0202.html,87.18,0.0,0
01K097R3R8H4M3DFM9VMD1YQNK,"GMS - 6x13"" CL DOUBLE STRAINER NATURAL",Caisses Claires,"6x13"" CL DOUBLE STRAINER NATURAL","GMS 6x13 CL Double Strainer Natural : caisse claire vintage robuste au son précis et chaleureux, finition naturelle élégante, double strainer pour un réglage tendu et stable idéal en location backline pour tournées et studios.",400,33,15.2,33.0,0.23,"{'Matériau': 'Acier inoxydable ou étain renforcé', 'Type de maille': 'Double maille fine', 'Poignée': 'Bois ou plastique hygiénique', 'Diamètre': '15,9 cm (6 pouces)', 'Structure': 'Fil de gros calibre renforcé', 'Accessoire': 'Crochet pour casserole', 'Nettoyage': 'Lave-vaisselle compatible'}",https://fr.audiofanzine.com/caisse-claire/gms/6x13-cl-double-strainer-natural/,86.73,0.0,0
01K097R71N0XWY6F7TQ4JEXZ16,"GMS  - 5x10"" CL WHITE MARINE PEARL",Caisses Claires,"5x10"" CL WHITE MARINE PEARL","Kit de toms GMS 5x10 en finition CL White Marine Pearl, offrant un son punchy et précis idéal pour les configurations rock et fusion. Saqué avec une esthétique marine nacrée éclatante, ce set excelle en live et studio par sa réponse dynamique et sa robustesse légendaire.",250,12.7,28,10,1.8,"{'Profondeur_fût_supérieur': '5""', 'Diamètre_fût_supérieur': '10""', 'Finition_fût': 'White Marine Pearl (wrap)', 'Type_fût': 'Tom piccolo / Tom de rack', 'Accastillage': 'Chromé', 'Débattement_attendu': 'Accord aigu, attaque précise, sustain court à moyen'}",http://gmsdrums.com/drums/snares/special-edition/,82.47,0.0,0
01K097RAAHYMSJ1M82KB784DN0,"GRETSCH  - 7x14"" NATURAL MAPLE",Caisses Claires,"7x14"" NATURAL MAPLE","Gretsch 7x14 Natural Maple snare drum offre un son chaud et résonant grâce à sa coquille en érable naturel premium. Parfait pour les backlines Mulster, il excelle par sa projection puissante, sa réponse dynamique et son esthétique bois authentique idéale pour concerts et studios.",1240,35.6,17.8,35.56,7.5,"{'Matériau caisse': 'Érable/Gomme', 'Profondeur': '7""', 'Diamètre': '14""', 'Nombre de plis': '6', 'Timbales': 'Tilco', 'Cercles': 'Triple bride 2,5 mm', 'Tire-cordes': 'Micro Sensitive', 'Nombre de tirants': '16', 'Bords de tension': '30/30 degrés'}",https://gretschdrums.com/drums/broadkaster,96.27,0.0,0
01K097RDKEW1XBM2014YC6D8DN,"GRETSCH - 6,5x14"" SOLID ALUMINIUM",Caisses Claires,"6,5x14"" SOLID ALUMINIUM","Caisse claire Gretsch 6,5x14 en aluminium massif offrant un son clair et percutant avec une excellente projection et une réponse rapide, idéale pour les concerts live et tournées.",899,35.6,16.5,35.56,4.31,"{'Fût': 'Aluminium massif 3 mm avec cercles de renfort intégrés 5 mm haut et bas', 'Chanfreins': '45°', 'Nombre de tirants': '10', 'Cercles': 'Cercles moulés sous pression (die-cast) haut et bas', 'Déclencheur de timbre': 'Gretsch Lightning', 'Timbres': '42 brins', 'Peaux d’origine': 'Batte Remo Gretsch Permatone coated, résonant type Hazy', 'Accastillage': 'Chromé', 'Accroche clé': 'Support de clé intégré (Snap-In key holder)', 'Finition du fût': 'Aluminium brut usiné'}",https://www.gretschdrums.com/,93.59,0.0,0
01K097RGW6J0483K12T1HP3W6F,"GRETSCH - 6,5x14"" BELL BRASS",Caisses Claires,"6,5x14"" BELL BRASS","Caisse claire bell brass 6,5x14 au son massif et précis, idéale pour le live comme pour le studio. Son fût en laiton coulé offre une attaque tranchante, une projection impressionnante et un timbre étonnamment chaud, avec des harmoniques bien contrôlées pour rester lisible dans tous les contextes.",749,14,16.5,35.56,17,"{'Épaisseur_coque': '3,0 mm', 'Matériau_coque': 'laiton bell brass', 'Nombre_tirettes': '10', 'Nombre_lugs': '20', 'Type_cerclages': 'die-cast 4 mm', 'Strainer': 'Lightning throw-off', 'Porte clé': 'Snap-In', 'Nombre_fils_snare': '42', 'Bords_battants': 'roundover', 'Finition': 'polished brass', 'Matériau_finition': 'chrome hardware'}",https://www.gretschdrums.com/products/usa-custom-bell-brass-snare-drum,78.32,0.0,0
01K097RM6DBSGJZNHF2TJ18CQG,"GRETSCH  - 6,5x14'' USA STD BLACK",Caisses Claires,"6,5x14'' USA STD BLACK","Caisson à caisse de résonance Gretsch USA STD 6,5x14'' en nickel noir sur acier, offrant un équilibre parfait entre puissance, sensibilité et brillance. Son attaque tranchante et ses graves profonds conviennent à tous les styles, avec un look élégant et une polyvalence exceptionnelle pour scène et studio.",225,36.8,16.5,35.56,3.4,"{'Fût': 'Acier 1,2 mm avec finition Black Nickel', 'Chanfreins': '45°', 'Cercles': 'Cercles triple emboutissage 2,3 mm', 'Tirants': '10 tirants type Classic', 'Déclencheur': 'Déclencheur de timbre réglable', 'Timbres': 'Timbre 20 brins', 'Peaux': 'Peaux Remo', 'Réponse fréquentielle': 'Large, adaptée aux accordages graves à aigus (polyvalente)', 'Caractère sonore': 'Puissant, sensible, attaque brillante avec possibilité de son sec et gras selon l’accordage', 'Usage recommandé': 'Scène et studio, styles rock, pop, funk et fusion'}",https://www.manualslib.com/manual/2681924/Gretsch-Full-Range-Series.html,92.06,0.0,0
01K097RQJM8BGM7N349JC4S3DH,"GRETSCH - 6,5x14"" DEEP BLK MARINE PEARL",Caisses Claires,"6,5x14"" DEEP BLK MARINE PEARL","Cette caisse claire Gretsch 6,5x14 en finition Black Marine Pearl offre une profondeur généreuse et un look résolument vintage. Son fût résonant délivre un son chaleureux, ample et précis, idéal pour la scène comme pour le studio.",700,36.8,16.5,35.56,3.9,"{'Fût': 'Érable 10 plis', 'Finition': 'Black Marine Pearl', 'Profondeur du fût': '6.5""', 'Diamètre': '14""', 'Chanfreins': '30°', 'Cercles': 'Cercles emboutis die-cast', 'Tirants': '10 tirants double embout chromés par fût', 'Déclencheur de timbre': 'Déclencheur et attache de timbre type Full Range', 'Timbres': 'Timbre 20 brins manganèse', 'Peaux': 'Peau de frappe et de résonance de type Remo', 'Réponse en fréquence': 'Large, focalisée sur un médium chaud avec aigus précis et grave profond (caractère érable 10 plis)', 'Usage conseillé': 'Caisse claire polyvalente, adaptée à une large gamme de styles grâce à sa grande plage d’accordage'}",https://www.gretschdrums.com/product/full-range-maple-stave-snare/,93.07,0.0,0
01K097RTXF3EVP9VS2M4G69N9J,"GRETSCH - 6,5x14"" NATURAL LACQUER WOOD",Caisses Claires,"6,5x14"" NATURAL LACQUER WOOD","Caisson de caisse claire Gretsch 6,5x14 en construction stave, finition laque naturelle satinée. Puissance explosive, attaque précise et timbre chaleureux unique, idéal pour backline live et tournées.",900,35.6,16.5,35.56,6.8,"{'Finition': 'Satin Natural (vernis satiné naturel)', 'Fût': 'érable assemblé en staves', 'Épaisseur du fût': 'non communiqué (construction en staves)', 'Chanfrein': '30°', 'Cercles': 'cercles triple flange 3 mm', 'Tirants': '10 tirants', 'Déclencheur': 'Full Range Throw Off & Butt Plate Gretsch', 'Timbres': 'Tilco Snare Wires', 'Peaux': 'Peaux de série type Remo (batter / réso non détaillées)', 'Profondeur': '6.5 po', 'Diamètre': '14 po'}",https://gretschdrums.com/snares/full-range,96.12,0.0,0
01K097RY7WRVXT1PRD4SYXCDTW,"GRETSCH  - 6,5x14"" BRASS HAMMERED BLACK",Caisses Claires,"6,5x14"" BRASS HAMMERED BLACK","Caisse claire 6,5x14 en laiton martelé noir offrant un son puissant et contrôlé, avec beaucoup de chaleur et de corps, mais suffisamment d’attaque pour percer le mix. Idéale sur scène comme en studio pour les backbeats gras et les nuances précises.",900,36.8,16.5,35.56,3.9,"{'Matériau coque': 'Laiton martelé noir, 1,2 mm', 'Épaisseur coque': '1,2 mm', 'Jantes': 'Die-cast', 'Timbales': 'Tilco', 'Straps timbales': 'Noires', 'Throw-off': 'Full Range, réglable', 'Plate-forme de tension': 'Noires', 'Badges': 'Badge rond laiton Gretsch iconique', 'Timbre supérieur': 'Permatone coated', 'Bordure': '30 degrés douce', 'Fils de caisse': '20 strands'}",https://gretschdrums.com/snares/full-range,93.27,0.0,0
01K097S1HDC1F7N6QA4PP0M4H2,"GRETSCH  - 6,5x14"" RENOWN BLACK METAL",Caisses Claires,"6,5x14"" RENOWN BLACK METAL","La caisse claire Gretsch 6,5x14 Renown Black Metal excelle par son attaque brillante et tranchante, avec une projection puissante et un sustain contrôlé. Son corps en métal noir délivre un son iconique Gretsch, polyvalent pour rock, jazz ou pop, idéal pour percer dans le mix en live ou studio.",500,41.3,16.5,14,5.9,"{'Fût': 'Acier', 'Finition du fût': 'Black Nickel Over Steel', 'Profondeur': '6.5""', 'Diamètre': '14""', 'Accastillage': 'Chromé', 'Cercles': 'Acier double chanfrein type Gretsch 302', 'Déclencheur de timbre': 'Déclencheur latéral avec réglage de tension', 'Nombre de tirants': '10 par côté', 'Peaux d’origine': 'Peaux Remo de série', 'Usage recommandé': 'Jeu polyvalent avec attaque brillante et projection marquée'}",https://gretschdrums.com/drums/renown,94.18,0.0,0
01K097S4TFM9TEFWABMFYDHGEH,"GRETSCH  - 6x14"" NEW CLASSIC JAZZ WHITE MARINE",Caisses Claires,"6x14"" NEW CLASSIC JAZZ WHITE MARINE","Caisse claire Gretsch 6x14 pensée pour le jazz, la série New Classic offre un son chaleureux, boisé et très réactif, avec une finition White Marine qui rappelle les kits vintage tout en restant polyvalente au-delà du jazz.",500,14,15.24,35.56,2,"{'Fût': 'Érable USA Custom, 6 plis avec intérieur Silver Sealer', 'Finition': 'White Marine Pearl', 'Profondeur': '6""', 'Diamètre': '14""', 'Chanfreins': '30°', 'Cerclages': 'Die-cast 10 tirants', 'Déclencheur': 'Lightning', 'Timbre': '20 brins', 'Peaux': 'Batter Remo coated, résonant Remo snare side', 'Tension': '10 tirants par côté', 'Usage recommandé': 'Jeu jazz / studio, réponse sensible et projection contrôlée'}",https://gretschdrums.com/drums/brooklyn,84.28,0.0,0
01K097S842MKR32ES6YAJ70E77,"GRETSCH  - 6x14"" NEW CLASSIC VINTAGE GLASS",Caisses Claires,"6x14"" NEW CLASSIC VINTAGE GLASS","Caisse claire Gretsch New Classic 6x14 Vintage Glass au look résolument rétro, offrant une réponse précise, chaleureuse et dynamique, idéale pour les contextes rock, pop et studio exigeants.",679,35.6,15.2,14,3.63,"{'Fût': 'Erable américain (shell ""American maple blended"")', 'Épaisseur du fût': '6 plis (information déduite de la série New Classic, non explicitement indiquée)', 'Chanfreins': '30°', 'Finition': 'Glitter ""Vintage Glass""', 'Profondeur': '6""', 'Diamètre': '14""', 'Cercles': 'Cercles triple flange 2,3 mm', 'Tirants': 'Tirants type tube vintage', 'Déclencheur de timbre': 'Déclencheur latéral (side-throw) avec double réglage fin sur le déclencheur et la plaque de timbre', 'Timbres': 'Timbre 20 brins', 'Coquilles': 'Coquilles séparées type tube', 'Peaux d’origine': 'Peaux type Remo (simple pli)'}",https://gretschdrums.com/snares/full-range,90.31,0.0,0
01K097SENP5CTKZ0547Y9PZ3AP,"GRETSCH - 6x14"" BROOKLYN CREAM OYSTER",Caisses Claires,"6x14"" BROOKLYN CREAM OYSTER","Caisse claire Gretsch Brooklyn 6x14 Cream Oyster : fabriquée à la main avec coques 6 plis érable/poplar pour un son chaud, punchy et ouvert, emblématique de Brooklyn. Finition nitro crème oyster élégante, bords chanfreinés 30° et cercles 302 vintage pour une réponse ambiante et riche, idéale en backline pour concerts et tournées.",699,14,14,14,3.6,"{'Matériau des coques': 'Érable/ peuplier nord-américain 6 plis[3][2]', 'Angle des bords de frappe': '30 degrés[3][2]', 'Revêtement intérieur': 'Silver Sealer[3]', 'Cercles': '302 double bride[3]', 'Finition coque': 'Nitro foil coated[2]', 'Têtes': 'REMO®[3]'}",https://gretschdrums.com/drums/brooklyn,84.79,0.0,0
01K097SHYSP2DB1ZKRKN9EFAYE,"GRETSCH - 6x14"" RENOWN MAPLE SILVER SLATE",Caisses Claires,"6x14"" RENOWN MAPLE SILVER SLATE","Caisse claire Gretsch Renown Maple 6x14 Silver Slate, pensée pour les batteurs exigeants : fût érable au grain musical et chaleureux, attaque nette, sustain contrôlé et projection suffisante pour percer le mix, tout en restant très polyvalente du studio à la scène.",450,14,15.2,35.56,3.1,"{'Fût': 'Érable 7 plis (formule Gretsch) avec intérieur Silver Sealer et chanfreins 30°', 'Profondeur': '6 po', 'Diamètre': '14 po', 'Cercles': 'Cercles Gretsch 302 à triple bride', 'Déclencheur de timbre': 'Déclencheur latéral standard', 'Timbres': 'Timbre 20 brins', 'Tension de peau': 'Tirants low-mass à bloc séparé', 'Peaux': 'Peaux Remo de série', 'Finition': 'Laqué Silver Slate', 'Usage recommandé': 'Jeu polyvalent studio et live, styles pop, rock, funk, jazz'}",https://gretschdrums.com/drums/renown,86.4,0.0,0
01K097SNBC98P1QFP78008RFFH,"GRETSCH  - 5,5x14"" BROOKLYN CREAM OYSTER",Caisses Claires,"5,5x14"" BROOKLYN CREAM OYSTER","Cette caisse claire Gretsch Brooklyn 14x5,5 en finition Cream Oyster offre un son chaud, ample et punchy typique de la série Brooklyn, avec une excellente projection et une réponse sensible idéale du jazz au rock.",929,14,13.97,14,5.8,"{'Fût': '6 plis érable / peuplier nord-américain avec finition intérieure Silver Sealer', 'Chanfreins': '30°', 'Cercles': 'Cercles métal double emboutis type 302, épaisseur 3 mm', 'Finition de fût': 'Wrap nitro Cream Oyster', 'Tirants': 'Accastillage standard USA Custom', 'Peaux': 'Peau de frappe Gretsch Permatone by Remo USA, simple pli sablée blanche; peau de résonance transparente'}",https://media.music-group.com/media/PLM/data/docs/P0DO4/Gretsch-Drums-Brooklyn-Series-Product-Information-Sheet-EN.pdf,88.26,0.0,0
01K097SRQVVJFSXHYCP58XZWF3,"GRETSCH - 5,5x14"" RENOWN MAPLE SILVER OYSTER",Caisses Claires,"5,5x14"" RENOWN MAPLE SILVER OYSTER","La caisse claire Gretsch Renown 5,5x14 Silver Oyster en érable offre un son ouvert et harmonieux, fidèle à la formule classique 7 plis Gretsch, avec une résonance exceptionnelle pour grooves sensibles ou attaques puissantes.",679,14,14,14,26.5,"{'Matériau de la caisse': 'Érable 7 plis', 'Bordure de timbale': '30 degrés', 'Cercles': 'Gretsch Double Flanged 302', 'Revêtement intérieur': 'Silver Sealer', 'Système de montage': 'GTS à faible profil', 'Matériau du matériel': 'Acier', 'Écrous': 'T-Wing'}",https://gretschdrums.com/drums/renown,75.87,0.0,0
01K097SW1ZY8HYF432MVCM6HCF,"GRETSCH - 5x14"" BRONZE",Caisses Claires,"5x14"" BRONZE","La caisse claire Gretsch 5x14 Bronze USA Custom offre un son staccato pur et musical, entre laiton et cuivre, avec un attaque claire, des aigus définis et une excellente articulation des baguettes. Idéale pour une projection puissante et une sensibilité remarquable en live ou studio.",800,12.7,14,14,5.5,"{'Fût': 'Bronze poli, épaisseur 1 mm, profondeur 5"" x diamètre 14""', 'Chanfreins': '45°', 'Tirants': '8 coquilles/tirants', 'Cercles': 'Cercles moulés (die-cast) 4 mm', 'Déclencheur': 'Déclencheur Micro-Sensitive', 'Timbres': 'Timbre 42 brins', 'Accastillage': 'Finition chromée', 'Accessoires intégrés': 'Porte-clé de serrage ""Snap-In"" intégré à l’évent', 'Accordage recommandé': 'Accord medium à tendu pour un son précis, articulé et punchy'}",https://www.gretschdrums.com/company/about-us/product-archives/usa-custom-series,87.94,0.0,0
01K097SZCFZPTZQCW320XPZC5S,"GRETSCH - 5x14""DEEP BLK MARINE PEARL",Caisses Claires,"5x14""DEEP BLK MARINE PEARL","Cette caisse claire Gretsch 5x14 en finition Deep Black Marine Pearl offre le son chaleureux et réactif typique de la série USA, avec une projection précise et musicale idéale du studio à la scène. Son look noir nacré profond apporte une touche résolument élégante et vintage à n’importe quel kit.",607,35.6,12.7,14,6.8,"{'Finition extérieure': 'Nitron coloris Deep Black Marine Pearl', 'Finition intérieure': 'Silver Sealer', 'Fût': '6 plis érable / peuplier (North American)', 'Épaisseur du fût': '3 mm environ (configuration Gretsch Brooklyn / Broadkaster / USA Custom)', 'Chanfreins': '30°', 'Cercles': 'Acier 3 mm double flanged type Gretsch 302 ou cercles moulés 4 mm selon série', 'Nombre de tirants': '8', 'Déclencheur': 'Type Lightning ou similaire Gretsch haut de gamme', 'Timbre': 'Timbre 20 brins', 'Accastillage': 'Finition chrome', 'Peaux d’origine': 'Simple pli batteuse et résonant de type Remo/Gretsch', 'Usage recommandé': 'Jeu polyvalent studio et live, du jazz au rock, avec forte sensibilité et projection équilibrée'}",https://gretschdrums.com/drums/usa-custom,92.77,0.0,0
01K097T2Q08Y68HB2MGF63GW9D,"GRETSCH  - 5X14"" VINNIE COLAIUTA SIGNATURE",Caisses Claires,"5X14"" VINNIE COLAIUTA SIGNATURE","Créée avec Vinnie Colaiuta, cette caisse claire Gretsch 5x14 offre une large palette dynamique, un gros corps et une sensibilité remarquable, capable de passer du jeu délicat aux rimshots tranchants avec une projection précise et musicale idéale en studio comme sur scène.",1029,35.6,12.7,14,3.18,"{'Fût': '6 plis érable nord‑américain / gum avec intérieur Silver Sealer', 'Chanfreins': '30°', 'Cercles': 'Die‑cast 4 mm', 'Déclencheur': 'Standard à levier latéral', 'Tirants': 'Type propriétaire à tension indépendante', 'Timbres': 'Tresses acier carbone', 'Finition': 'Laquée haute brillance Cobalt Blue', 'Accastillage': 'Acier chromé', 'Type de peau battante': 'Peau simple pli de marque', 'Type de peau de résonance': 'Peau simple pli de marque', 'Muffle interne': 'Aucun', 'Type de cercles de tension': '10 tirants côté frappe et résonance'}",https://www.gretschdrums.com/manuals,88.62,0.0,0
01K097T60GTABVPXMDESP7Z6G1,"GRETSCH - 5x14"" BRASS HAMMERED",Caisses Claires,"5x14"" BRASS HAMMERED","La caisse claire Gretsch 5x14 en laiton martelé offre un son chaud et distinctif, alliant la puissance incisive du métal à une rondeur boisée unique. Sa coque polie hammered délivre une attaque précise et polyvalente, idéale pour les scènes live et studios Mulster.",780,35.6,14,35.56,3.99,"{'Matériau coquille': 'Laiton martelé poli 1,2 mm[3][5]', 'Cercle supérieur': 'Die-cast[4][5]', 'Cercle inférieur': 'Die-cast[4][5]', 'Timbre': '20 strands[3]', 'Timbre wire': 'Noir nylon[3]', 'Porte-mailles': 'Réglable[4][5]', 'Plaque de culotte': 'Fixe[4][5]', 'Timbales': 'Remo[4]'}",https://www.gretschdrums.com/products/snares/usa-custom-series/g4160hb-14x5-hammered-chrome-over-brass-snare-drum,92.21,0.0,0
01K097T9BAFHSWS7FNJB6H6925,"GRETSCH - 5x14"" MAPLE LACQUER",Caisses Claires,"5x14"" MAPLE LACQUER","Caisse claire Gretsch 5x14 tout érable avec vernis laqué, au son clair, précis et dynamique. Polyvalente, elle offre un excellent équilibre entre attaque nette, chaleur maîtrisée et réponse sensible, idéale pour couvrir du jazz aux styles plus modernes.",320,35.6,14,14,5.2,"{'Matériau caisse': 'Érable', 'Finition': 'Laque brillante', 'Profondeur': '5 pouces', 'Diamètre': '14 pouces', 'Nombre de plis': '10 plis', 'Bords porteurs': '30 degrés', 'Cercles': 'Die-cast', 'Câbles timbales': '20 brins', 'Sealer intérieur': 'Silver sealer', 'Strainer': 'Full Range Throw-off'}",https://gretschdrums.com/snares/full-range,93.05,0.0,0
01K097TCPBJM72DB1EXDGCTED9,"GRETSCH  - 5x14"" BROADKASTER",Caisses Claires,"5x14"" BROADKASTER","La Gretsch 5x14 Broadkaster est une caisse claire légendaire, recréant le son iconique des années 1920-1950 avec sa coque fine en érable/paulownia pour des tons chauds, profonds et équilibrés. Parfaite pour les concerts et tournées, elle offre une réponse dynamique exceptionnelle et une présence sonore brillante, idéale en backline Mulster.",870,12.7,12.7,35.56,6.8,"{'Fût': '3 plis érable / peuplier avec joint en sifflet interne', 'Chanfrein': 'Chanfrein roundover 30° pour un contact accru avec la peau', 'Cercles': 'Cercles acier Gretsch 302 double flange 3 mm', 'Nombre_de_tirants': '8 tirants double embout', 'Déclencheur_de_timbre': 'Déclencheur Lightning avec plaque de rappel assortie', 'Timbres': 'Timbre caisse claire 42 brins', 'Sourdine_interne': 'Sourdine interne réglable type vintage (felt muffler) selon configuration Vintage Hardware', 'Finition_interne': 'Intérieur Silver Sealer classique Gretsch', 'Peau_batteur': 'Peau simple pli sablée Gretsch Permatone fabriquée par Remo', 'Peau_résonant': 'Peau simple pli transparente Gretsch Permatone fabriquée par Remo', 'Accastillage': 'Accastillage chromé avec porte-clé de tension insérable (snap-in)'}",https://www.gretschdrums.com/drums/broadkaster,88.98,0.0,0
01K097TG36PNRTKEYPAEPZ7H29,"GRETSCH  - 5x14"" USA MAPLE",Caisses Claires,"5x14"" USA MAPLE","Caisse claire 5x14 Gretsch USA Maple offrant un son précis, vif et chaleureux, typique de l’érable Gretsch. Idéale comme caisse claire principale, elle combine attaque nette, bonne projection et une grande polyvalence, du jazz aux musiques actuelles.",450,12.7,12.7,35.56,6.8,"{'Matériau coque': 'Érable', 'Nombre de plis': '10', 'Angle chantournure': '30°', 'Timbales': ""20 fils d'acier"", 'Cercles': 'Die-cast', 'Strainer': 'Lightning throw-off', 'Finition intérieure': 'Silver Sealer'}",https://gretschdrums.com/snares/full-range,89.09,0.0,0
01K097TKE7W0BQZWZ9FXAA591S,"GRETSCH  - 5x14"" ROUNDBADGE VINTAGE",Caisses Claires,"5x14"" ROUNDBADGE VINTAGE","Caisse claire Gretsch 5x14 Round Badge Vintage, un classique des années 60-70 au shell chrome sur laiton délivrant des tons chaleureux, articulés et un attack tranchant, idéale pour studio et live.",800,35.6,12.7,35.56,7.7,"{'Diamètre': '14""', 'Profondeur': '5""', 'Nombre de plis': '6', 'Matériau coque': 'Bois avec placage chrome sur laiton[2]', 'Fils de caisse': '42 brins[6]', 'Strainer': 'Micro-Sensitive[1][5][7]', 'Lanceur': 'Lightning Throw[6]', 'Nombre de tringles': '8[7]', 'Clé de caisse': 'Snap-in incluse[1]'}",https://www.gretschdrums.com/,94.47,0.0,0
01K097TPSHAPT47G6MRANWPZ7G,"GRETSCH  - 5x14"" CHROME VINTAGE '80",Caisses Claires,"5x14"" CHROME VINTAGE '80","Caisse claire Gretsch 5x14 chrome des années 80, au look classique et brillant, offrant un claquant précis, une belle projection et une réponse sensible idéale du studio à la scène.",550,35.6,14,14,4.5,"{'Matériau coquille': 'Laiton chromé', 'Épaisseur coquille': '1,1 mm ou 1,2 mm', 'Nombre de tirants': '10', 'Strainer': 'Micro-Sensitive classique avec talon réglable', 'Bords': '45 degrés'}",https://www.gretschdrums.com/product/usa-custom-chrome-over-brass-snare-drum-g4160,91.86,0.0,0
01K097TT461S0DSVHBP6C6TZCF,"GRETSCH  - 4x14"" USA MAPLE SATIN EBONY",Caisses Claires,"4x14"" USA MAPLE SATIN EBONY","Caisson de caisse claire Gretsch 4x14 USA Maple Satin Ebony vintage, aux fûts en érable satiné ébène premium pour un son puissant, sensible et polyvalent. Idéal pour backline live, avec projection ample et attaque incisive signature Gretsch.",650,4,14,35.56,6.8,"{'Fût': 'Érable nord-américain (USA Maple), 10 plis', 'Finition': 'Satin Ebony (laqué satiné noir)', 'Accastillage': 'Finition métal (selon série : chrome ou doré)', 'Cerclages': 'Cercles moulés (die-cast)', 'Déclencheur': 'Déclencheur type Micro-Sensitive (selon série)', 'Profondeur': '4""', 'Diamètre': '14""', 'Tirants': '8 tirants', 'Peaux': 'Peaux simple pli type frappe/tonique (configuration standard usine)', 'Utilisation conseillée': 'Jeu sensible, studio, jazz / pop avec attaque précise et grande articulation'}",https://eu.gretschdrums.com/gear/snare-drums/usa-wood-series/4x14-usa-maple-satin-ebony-snare/,86.64,0.0,1
01K097TXE6YB7V5RNZJTVYHQJ8,"LUDWIG - 5x14"" LB454R RAW BRASS PHONIC",Caisses Claires,"5x14"" LB454R RAW BRASS PHONIC","Le Ludwig LB454R Raw Brass Phonic 5x14 est une caisse claire au shell en laiton brut sans soudure de 1,2 mm, identique à celui légendaire des Black Beauty. Elle offre un son chaud, percutant et polyvalent, parfait pour les concerts live et enregistrements.",900,14,12.7,35.56,5.9,"{'Épaisseur coque': '1,2 mm', 'Coque': 'laiton brut sans soudure', 'Jantes': 'acier 2,3 mm triple pliées', 'Tiges de tirage': '10 Imperial', 'Matériel': 'chrome', 'Mécanisme timbales': 'Ludwig Weather Master Medium', 'Déclencheur': 'P88AC', 'Plaque de fesse': 'P35P', 'Bords porteurs': '45 degrés'}",https://ludwig-drums.com/images/downloads/parts_lists/metal_snare.pdf,89.81,0.0,0
01K097V0QY3VFGTR1CG4JW6R5H,"LUDWIG - 8x14"" LC608 RAW COPPER PHONIC",Caisses Claires,"8x14"" LC608 RAW COPPER PHONIC","Grosse caisse claire cuivre brut 8x14 au son chaud, profond et puissant, idéale pour les grooves massifs, rimshots qui claquent et un registre rock / pop moderne tout en restant très sensible aux nuances.",850,35.6,8,35.56,7,"{'Fût': 'Cuivre brut sans soudure, épaisseur 1,2 mm', 'Cercles': 'Cercles acier triple flanges 2,3 mm', 'Chanfreins': 'Chanfreins à 45°', 'Déclencheur de timbre': 'Déclencheur Ludwig P88AC', 'Attache de timbre': 'Butée Ludwig P35P', 'Timbres': 'Timbre métal type snare (configuration standard Ludwig Copper Phonic)', 'Peaux': 'Batterie : Ludwig Weather Master Medium sablée (frappe) et Weather Master Clear (résonance)', 'Accastillage': '10 tirants type Imperial', 'Finition du fût': 'Cuivre brut patiné (Raw Copper)', 'Fabrication': 'USA'}",https://www.ludwig-drums.com/en/products/snare-drums/copper-phonic-snare-drum-lc608r-8x14-raw-patina-finish-lc608r47,92.3,0.0,0
01K097V43AZNV9TXD1KSCQXAS5,"LUDWIG - 5x14"" LB416 BLACK BEAUTY",Caisses Claires,"5x14"" LB416 BLACK BEAUTY","La Ludwig LB416 Black Beauty est une caisse claire légendaire à coque en laiton sans soudure nickelé noir, offrant un son métallique chaud et rond unique, imité mais jamais égalé. Symbole de Ludwig, The Most Famous Name On Drums, elle excelle par sa puissance, sa sensibilité et son craquement précis, idéale pour les concerts et tournées Mulster.",950,35.6,12.7,35.56,5.9,"{'Fût': 'laiton 1,2 mm sans soudure, embouti et perlé, finition nickel noir', 'Chanfreins': '45°', 'Cercles': 'acier 2,3 mm triple-flange', 'Déclencheur de timbre': 'P88AC', 'Butée de timbre': 'P35P', 'Tirants': '10 tirants type Imperial', 'Timbres': '18 brins acier', 'Peau de frappe': 'Ludwig Weather Master sablée', 'Peau de résonance': 'Ludwig Weather Master claire', 'Finition fût': 'noir nickel lisse', 'Accastillage': 'chromé'}",https://www.ludwig-drums.com/en-us/ludwig/products/snare-drums/black-beauty,94.74,0.0,0
01K097V7ESFSBB2A3CAGW8DF0Z,"LUDWIG - 5x14"" LB416K BLACK BEAUTY HAMMERED",Caisses Claires,"5x14"" LB416K BLACK BEAUTY HAMMERED","Caisse claire mythique en laiton martelé, la Black Beauty 5x14 LB416K offre un son chaud, précis et contrôlé, très sensible aux nuances, idéale du studio à la grosse scène.",980,35.6,12.7,14,5.9,"{'Matériau coque': 'Laiton', 'Épaisseur coque': '1,2 mm', 'Finition coque': 'Plaqué nickel noir', 'Type coque': 'Martelée, sans soudure, perlée', 'Bords de tension': '45 degrés', 'Arceaux': 'Triple bride en acier 2,3 mm', 'Tire-cordes': 'P88AC', 'Plateau de talon': 'P35P', 'Câbles timbales': '18 brins', 'Nombre de tirants': '10 tirants impériaux', 'Matériel ferrures': 'Chrome'}",https://www.ludwig-drums.com/en-us/ludwig/products/snare-drums/black-beauty,93.05,0.0,0
01K097VAT5P4MCKYH6EYZRTMXD,"LUDWIG - 6,5x14"" LB417 BLACK BEAUTY",Caisses Claires,"6,5x14"" LB417 BLACK BEAUTY","Icône absolue des caisses claires, la Ludwig Black Beauty 6,5x14 LB417 offre un son chaud, rond et métallique qui reste lisible même dans les mixes les plus chargés. Son fût en laiton sans soudure, plaqué nickel noir, apporte une réponse très sensible à tous les volumes et une grande polyvalence, du jazz aux styles les plus musclés.",800,14,16.5,35.56,4.0,"{'Matériau de la caisse': 'Laiton', 'Épaisseur de la caisse': '1,2 mm', 'Construction de la caisse': 'Sans soudure, perlée', 'Cerclages': 'Acier triple bride 2,3 mm', 'Tiges de tension': 'Tube', 'Déclencheur de timbres': 'P88AC', 'Plaque de butée': 'P35P', 'Bordure de timbale': '45 degrés', 'Timbres': 'Supraphonic', 'Finition': 'Nickel noir', 'Origine': 'États-Unis'}",https://www.ludwig-drums.com/en-us/ludwig/products/snare-drums/black-beauty,89.33,0.0,0
01K097VE5JW3TKM2FQ8SKYE3TK,"LUDWIG - 6,5x14'' LB407XXCX BLACK BEAUTY 110TH AV",Caisses Claires,"6,5x14'' LB407XXCX BLACK BEAUTY 110TH AV","Édition anniversaire rare de la légendaire Black Beauty, cette caisse claire 6,5x14 rend hommage aux premiers modèles Ludwig avec ses 8 tirants, son fût en laiton noirci et son accastillage laiton au look vintage, offrant un son chaud, ouvert et réactif prisé en studio comme sur scène.",2100,14,16.5,14,5.9,"{'Matériau du fût': 'Laiton sans soudure de 1,2 mm plaqué nickel noir', 'Cercles': 'Single-flanged hoops en acier 2,3 mm', 'Tendeurs': 8, 'Lugs': 'Tube lugs en laiton', 'Throw-off': 'P88AC', 'Butt plate': 'P35P', 'Matériel du hardware': 'Laiton plaqué', 'Configuration': '8 lugs', 'Édition spéciale': '110th Anniversary'}",https://www.ludwig-drums.com/en-us/ludwig/products/snare-drums/black-beauty,63.28,0.0,0
01K097VHGAWGDVRZTRTAHP375J,"LUDWIG - 03x13"" LB553B BLACK BEAUTY",Caisses Claires,"03x13"" LB553B BLACK BEAUTY","Piccolo caisse claire Black Beauty 3x13 en laiton, au fût lisse plaqué noir, qui allie attaque tranchante, grande sensibilité et projection brillante dans un format compact idéal pour les accents précis et les grooves funk ou pop modernes.",550,33.02,7.6,33.02,2.49,"{'Fût': 'Fût en laiton filé, finition plaquée nickel noir, épaisseur standard Black Beauty', 'Profondeur du fût': '3 po', 'Diamètre du fût': '13 po', 'Chanfreins': 'Chanfreins de précision 45°', 'Nombre de tirants': '8 tirants', 'Type de tirants': 'Attaches Classic', 'Cercles': 'Cercles emboutis triple-flange', 'Déclencheur de timbre': 'Déclencheur de timbre type Supraphonic Ludwig', 'Timbres': 'Timbre snare type Supraphonic', 'Peaux': 'Peau de frappe simple pli, peau de résonance snare claire', 'Origine de fabrication': 'États-Unis'}",https://www.ludwig-drums.eu/products/snare-drums/black-beauty,87.99,0.0,0
01K097VMTVQBT5FYPZ2N19HG9Y,"LUDWIG - 5x14"" LM400 SUPRAPHONIC",Caisses Claires,"5x14"" LM400 SUPRAPHONIC","Caisse claire mythique, la Supraphonic 5x14 LM400 offre une attaque brillante, précise et très réactive, avec un timbre qui claque tout en restant chaleureux et chantant. Polyvalente, elle excelle aussi bien en studio que sur scène, du jazz aux musiques les plus puissantes.",499,6,14,14,3.18,"{'Finition du fût': 'Aluminium sans soudure, perlé, chromé, épaisseur 1,7 mm[3][2]', 'Type de chanfrein': 'Chanfrein à 45°[2]', 'Cercles': 'Cercles acier triple-flange 2,3 mm[3][2]', 'Nombre de tirants': '10 tirants[1][2]', 'Déclencheur de timbre': 'Déclencheur P88AC[3][2]', 'Attache de timbre': 'Butt plate P35P[3][2]', 'Peau de frappe': 'Ludwig Weather Master Medium Coated[3][1]', 'Peau de résonance': 'Ludwig Weather Master Clear Snare Side[3][1]', 'Timbres': 'Timbre 18 brins Ludwig[2]', 'Origine de fabrication': 'USA[3][1]', 'Badge': 'Ludwig Keystone[2]'}",https://www.ludwig-drums.com/en-us/ludwig/products/snare-drums/supraphonic,82.05,0.0,0
01K097VR7CS0NXWNWC5PNFCRD8,"LUDWIG - 6,5x14"" LM402 SUPRAPHONIC",Caisses Claires,"6,5x14"" LM402 SUPRAPHONIC","Caisse claire mythique, la Ludwig LM402 Supraphonic 6,5x14 offre une attaque brillante, précise et très projetée, équilibrée par un timbre chaud et résonant. Son fût aluminium sans soudure, chromé et perlé, en fait une référence polyvalente, aussi à l’aise en studio que sur scène, du jazz au metal, adoptée par de nombreux batteurs pros.",650,35.56,16.5,35.56,3.18,"{'Fût': 'Aluminium sans soudure, perlé, chromé, épaisseur 1,7\xa0mm[6][3]', 'Cercles': 'Acier triple-flange 2,3\xa0mm[6][3]', 'Tirants': '10 tirants type Imperial[3][6]', 'Déclencheur de timbre': 'P88AC[6][3]', 'Attache de timbre': 'P35P[6][3]', 'Peau de frappe': 'Ludwig Weather Master Medium Coated[6][3]', 'Peau de résonance': 'Ludwig Weather Master Clear Snare Side[6][3]', 'Timbres': 'Timbres Supraphonic, 18 brins[1]', 'Chanfreins': '45°[1][5]', 'Finition': 'Chromé brillant sur aluminium[1][2]'}",https://www.ludwig-drums.com/en-us/ludwig/products/snare-drums/supraphonic,92.73,0.0,0
01K097VVJ55MDEVQQM682XPRCP,"LUDWIG - 6,5x14"" LM402 SUPRASENSITIVE VINTAGE '80",Caisses Claires,"6,5x14"" LM402 SUPRASENSITIVE VINTAGE '80","Caisse claire vintage Ludwig LM402 Suprasensitive des années 80, iconique pour son attaque vive et cristalline, son timbre riche et résonant. Coque alu chromée sans soudure offrant projection puissante et polyvalence du jazz au metal, choisie par les pros pour des hits historiques.",650,14,16.5,14,5.9,"{'Matériau du fût': 'Aluminium sans soudure, perlée', 'Épaisseur du fût': '1,7 mm', 'Finition': 'Chromée', 'Arceaux': 'Acier triple bride, 2,3 mm', 'Nombre de tirants': '10', 'Système de timbales': '18 timbales', 'Déclencheur': 'P88AC', 'Plaque arrière': 'P35', 'Bords de timbale': '45 degrés', 'Peau de frappe': 'Ludwig Weather Master Coated', 'Peau résonnante': 'Ludwig Weather Master Clear'}",https://www.ludwig-drums.com/en-us/ludwig/products/snare-drums/supraphonic,90.5,0.0,0
01K097VYZQA6A5FB7Y27X259RQ,"LUDWIG - 5x14"" LM404C ACROLITE",Caisses Claires,"5x14"" LM404C ACROLITE","La caisse claire Ludwig LM404C Acrolite 5x14 offre un son sec et percutant iconique depuis 1963, grâce à sa coque en aluminium sans soudure. Légendaire sur scène et en studio, elle excelle par sa projection équilibrée et sa réponse vive, idéale pour les pros en quête de punch authentique.",699,14,14,14,4.99,"{'Matériau coque': 'Aluminium', 'Épaisseur coque': '1,6 mm', 'Type fûts': 'Sans soudure', 'Lugs': '10 lugs jumeaux', 'Arceaux': 'Arceaux triple bride 2,3 mm', 'Strainer': 'P88 ou P85 ou P86C', 'Plate-forme': 'P35', 'Câbles timbales': '20 brins', 'Finition': 'Aluminium brossé', 'Fabrication': 'Monroe, NC, USA'}",https://www.ludwig-drums.eu/products/snare-drums/acrolite,88.66,0.0,0
01K097W23DBGC7HE9PV05FNEKM,"LUDWIG - 6,5""x14"" LM405C ACROLITE",Caisses Claires,"6,5""x14"" LM405C ACROLITE","La Ludwig LM405C Acrolite 6,5x14 est une caisse claire iconique en aluminium brossé seamless, offrant un son sec, tranchant et craquant, prisé des pros depuis 1963 pour sa réponse explosive en studio et sur scène.",504,36.8,16.5,14,4.5,"{'Fût': 'Aluminium brossé sans soudure, 1,6 mm d’épaisseur[1][7]', 'Chanfreins et renforts': 'Fût embouti avec renfort central (beaded shell)[3][4]', 'Cercles': 'Cercles acier triple flanges 2,3 mm[1][3][4]', 'Nombre de tirants': '10 tirants (10 coquilles type bowtie)[2][3][6]', 'Déclencheur de timbre': 'Déclencheur P88AC (évolution du P88) avec butt assorti selon série[2][5][6][8]', 'Timbres': 'Timbre métal type snare wires (configuration standard usine)[3]', 'Accastillage': 'Coquilles Classic ""dual/bowtie"" chromées, finition aluminium brossé avec badge Blue/Olive[2][3][6][7]', 'Peaux': 'Peaux simple pli type sablée dessus / transparente dessous (montage standard)[3][4]', 'Nombre de coquilles': '10 coquilles indépendantes[2][3][6]', 'Fabrication': 'USA[3]'}",https://www.ludwig-drums.com/en-us/snare-drums/acrolite/lm405c-acrolite-classic-smooth-aluminum-snare-drum-w-twin-lugs-6-5-x-14,93.76,0.0,0
01K097W5FGF8MNEWZBKEYDJ8Q9,"LUDWIG - 5x14"" ACROLYTE VINTAGE '80",Caisses Claires,"5x14"" ACROLYTE VINTAGE '80","Caisse claire culte des années 80, l’Acrolite 5x14 offre un son sec, claquant et très réactif, apprécié en studio comme sur scène. Sa conception en aluminium lui donne une attaque précise, une belle projection et une grande polyvalence de styles.",400,35.6,35.6,35.56,4.5,"{'Matériau de la caisse': 'Aluminium', 'Épaisseur de la caisse': '1,6 mm', 'Construction de la caisse': 'Sans soudure, perlée', 'Cercles': 'Acier triple bride 2,3 mm', 'Nombre de tringles': '10', 'Tendeur de cordes': 'P88AC', 'Plaque arrière': 'P35P', 'Cordes': '18 brins', 'Finition': 'Aluminium brossé', 'Tiges de tension': 'Chrome'}",https://www.ludwig-drums.com/en-us/ludwig/products/snare-drums/acrolite,93.12,0.0,0
01K097W8VCX0Z6MJ59T663K3MS,"LUDWIG - 5x14"" WHITE MARINE VINTAGE '65",Caisses Claires,"5x14"" WHITE MARINE VINTAGE '65","Caisse claire Ludwig 5x14 White Marine Pearl de 1965, au son chaleureux et réactif, idéale pour retrouver le grain vintage des enregistrements des sixties, avec une projection musicale parfaite pour studio et scène.",650,35.6,14.0,14,2.7,"{'Type de caisse claire': 'Pioneer (No. 491)', 'Profondeur': '5 pouces', 'Diamètre': '14 pouces', 'Nombre de tirants': '6', 'Matériau fût': 'Bois 3 plis', 'Finition intérieure': 'Blanche', 'Badge': 'Keystone', 'Matériel': 'Nickel'}",https://www.ludwig-drums.com/products/ludwig-pioneer-5x14-snare-drum,89.1,0.0,0
01K097WC7S4GYBBTVFX2XP5AYP,"LUDWIG  - 5x14"" MAPLE LIMITED",Caisses Claires,"5x14"" MAPLE LIMITED","La Ludwig 5x14 Maple Limited est une caisse claire de concert en érable premium, offrant une réponse tonale exceptionnelle et une polyvalence inégalée pour tous les styles musicaux. Édition limitée au son chaud et précis, elle perpétue l'héritage légendaire de Ludwig depuis 1911, idéale pour tournées et studios.",800,14,12.7,14,5.9,"{'Fût': 'Érable nord-américain, 7 plis, épaisseur 6 mm', 'Chanfreins': '45° pour une meilleure projection et réponse', 'Déclencheur de timbres': 'P88AC', 'Cercles': 'Triple-flange 2,3 mm', 'Nombre de tirants': '10 tirants par côté', 'Timbres': '20 brins', 'Peau de frappe': 'Simple pli, type médium', 'Fabrication': 'États-Unis', 'Finition extérieure': 'Série limitée (édition limitée, finitions spécifiques selon version)'}",https://www.ludwig-drums.com/application/files/3914/6531/8327/AV2LU900.pdf,88.71,0.0,0
01K097WFNCX2M1XP6NXMAYV4DR,"MAPEX - 6,5x14"" ORION COFFEE BURST",Caisses Claires,"6,5x14"" ORION COFFEE BURST","La caisse claire Mapex Orion 6,5x14 Coffee Burst séduit par son fini laqué exotique au bois burlesque, offrant une résonance exceptionnelle et un éclat luxueux. Gamme phare 100% érable, elle excelle en projection puissante et ton riche pour les pros.",300,35.6,16.5,14,6.1,"{'Finition': 'Vernis laqué haut brillant teinte Coffee Burst', 'Fût': 'Érable tout érable, 7 plis, épaisseur ≈ 6,1 mm[2][3]', 'Chanfreins': 'Chanfreins usinés de précision pour une meilleure projection et un accordage précis[2]', 'Cercles': 'Cercles emboutis (power hoops) assortis à la finition hardware (chrome noir ou doré selon configuration)[2]', 'Tirants': 'Tirants haute tension type Orion avec coquilles basses masse pour une meilleure résonance[2]', 'Déclencheur': 'Système de déclenchement de timbre Orion à action fluide (strainer latéral)', 'Timbres': 'Timbre métal 20 brins (standard Mapex Orion)', 'Peaux': 'Peaux Remo Ambassador de série (batterie Orion) également utilisées sur la caisse claire assortie[2]', 'Accastillage': 'Accastillage de série en chrome, disponible en option en chrome noir ou plaqué or 24K selon configuration du kit[2][5]', 'Série': 'Gamme haut de gamme Orion, fabrication soignée et finitions burst luxe[2][3][5]'}",https://mapexblackpanther.com/images/catalogues/2007_Mapex_Catalogue_USA.pdf,95.37,0.0,0
01K097WK3BZW1KXPCCDKABQ2MK,"MAPEX  - 6x13"" BLACK PANTHER",Caisses Claires,"6x13"" BLACK PANTHER","Caisse claire Black Panther au format compact 6x13, nerveuse et réactive, idéale pour des attaques franches et un gros volume sur un faible diamètre, tout en restant très polyvalente pour le live comme le studio.",695,33.02,6,33.02,6.8,"{'Fût': 'Noyer massif 100\xa0%', 'Epaisseur du fût': '8,5\xa0mm', 'Nombre de plis': 'Non communiqué (construction épaisse pour forte projection)', 'Finition du fût': 'Teinte brune type ""Brown Sugar"" ou noyer naturel selon série', 'Profondeur du fût': '6\xa0po', 'Diamètre': '13\xa0po', 'Cerclages': 'Fonderie moulée (die-cast) finition chrome noir', 'Tirants': '8 tirants par côté', 'Déclencheur': 'Système type Cylinder-Drive à réglage précis', 'Chanfreins': 'Chanfrein traditionnel 45°', 'Sourdine interne': 'Non', 'Accastillage': 'Finition black chrome', 'Timbres': 'Timbre caisse claire 20 brins (configuration standard Black Panther)', 'Tension des peaux': 'Clé carrée standard', 'Utilisation recommandée': 'Jeu puissant et articulé, rock/fusion/funk, side snare ou principale petit diamètre'}",https://www.mapexdrums.com/us/products/drums/snare-drums/black-panther/hydro,92.33,0.0,0
01K097WPG2RBZBDYZZJKTGPQHC,"MAPEX - 4x13"" BRASS MASTER",Caisses Claires,"4x13"" BRASS MASTER","Le MAPEX 4x13 Brass Master offre un son profond, sombre et riche, avec des harmoniques nettes et précises en tension haute, une réponse contrôlée en médium et un punch percutant en grave. Idéal pour les backlines live, ce caisse claire en laiton délivre une puissance distinctive et polyvalente.",650,33.0,33,33,2.5,"{'Fût': 'Laiton 1,2 mm', 'Taille de fût': '4"" x 13""', 'Epaisseur de fût': '1,2 mm', 'Type de fût': 'Laiton embouti', 'Chanfreins': '45°', 'Cercles': 'Flandres embouties (type Powerhoops/Die-cast selon série)', 'Déclencheur de timbre': 'Système Black Panther avec réglage fin', 'Timbres': 'Timbre métal 20 brins', 'Tension des peaux': 'Cercle 8 tirants', 'Nombre de tirants': '8', 'Sonorité': 'Piccolo, attaque très précise, grain brillant avec chaleur de laiton, forte projection'}",https://www.mapexblackpanther.com/black-panther-snares/all-snares/item/13-x-5-5-brass-master,91.64,0.0,0
01K097WSV9R8BR3XYAN7QJW98M,"PEARL  - 7x14"" MAPLE FREE FLOATING",Caisses Claires,"7x14"" MAPLE FREE FLOATING","Caisse claire maple free floating offrant une grande profondeur de fût pour un son puissant, ample et très sensible. Le système Free Floating libère totalement le fût, maximisant résonance, sustain et projection, idéal du jeu groovy aux nuances les plus fines.",620,35.56,7,35.56,5.5,"{'Matériau coque': 'Érable', 'Épaisseur coque': '5,4 mm', 'Nombre plis coque': '6', 'Profondeur': '7""', 'Diamètre': '14""', 'Système de montage': 'Free Floating', 'Strainer': 'SR700/C', 'Lugs': 'NDL055/C', 'Hoops': '1,6 mm', 'Câbles timbales': '20 brins'}",https://pearldrum.com/global/products/snaredrums/free-floating/free-floating-maple-snr-14x7-fft-m1470,91.73,0.0,0
01K097WX6MEGJQ51JFTGTWEE6E,"PEARL  - 6,5x14"" MASTER PREMIUM LEGEND",Caisses Claires,"6,5x14"" MASTER PREMIUM LEGEND","La caisse claire Pearl Masters Premium Legend 6,5x14 offre un son ouvert et chaleureux grâce à sa coque en érable 6 plis de 0,9 mm, idéale pour tous les styles musicaux. Avec ses Fat Tone Hoops et ses supports Opti-Mount légers, elle excelle en studio comme sur scène par sa résonance maximale et sa polyvalence tonale.",650,36.8,14.0,14,3.5,"{'Fût': 'Érable 6 plis, épaisseur 5,4\u202fmm', 'Chanfreins': '45° intérieurs pour attaque et sensibilité accrues (profil Masters Premium)', 'Cerclages': 'Type Fat Tone, acier embouti mince, bord ourlé/soudé pour rigidité et résonance optimisée', 'Tirants': 'Tube lugs basse masse de type STL Swivel Tube pour alignement optimal des tirants', 'Déclencheur timbre': 'Déclencheur latéral haut de gamme Pearl (type Masters Premium)', 'Timbres': 'Timbre acier 20 brins (type standard Pearl haute sensibilité)', 'Event de décompression': 'Système d’évent «\u202fGolden Ratio\u202f» pour meilleure réponse des basses et de l’attaque', 'Peaux d’origine': 'Peaux simple pli type Remo UT/USA (batter côté frappe et réso) adaptées à un usage studio/scène', 'Finition fût': 'Laque haut de gamme brillante (série Masters Premium Legend)'}",https://pearldrum.com/sites/default/files/image_folder/SUPPORT/GENERAL&SPARE%20PARTS%20CATALOG/PRODUCT%20CATALOG/GENERAL%20DRUM%20SET/2013-general-catalog.pdf,90.84,0.0,0
01K097X0KY4VB22K1ZHH7PW6J7,"PEARL  - 6,5x14"" BRASS FREE FLOATING",Caisses Claires,"6,5x14"" BRASS FREE FLOATING","Caisse claire brass Free Floating 14x6,5 offrant un son puissant, chaud et très projeté, avec beaucoup de sensibilité et de nuances. Le système Free Floating libère totalement le fût pour un maximum de résonance, idéal du studio à la grosse scène.",980,35.6,14,35.56,6.8,"{'Fût': 'Laiton, épaisseur 1,2 mm, profondeur 6,5""', 'Système_de_suspension': 'Free Floating (aucun perçage dans le fût, coquilles et déclencheur montés sur le châssis)', 'Cerclages': 'MasterCast moulés sous pression', 'Déclencheur_de_timbres': 'SR-160F Click-Lock (verrouillage de position)', 'Timbres': 'Timbre métal haute sensibilité (type 20 brins, standard Pearl)', 'Accastillage': 'Coquilles et pièces métalliques robustes, finition haut de gamme, réglage indépendant du fût', 'Usage_recommandé': 'Rock, pop, funk, studio et live nécessitant une forte projection et une grande sensibilité', 'Caractère_sonore': 'Son puissant, précis, très sensible, avec attaque marquée, sustain généreux et timbre très articulé'}",https://pearldrum.com/sites/default/files/image_folder/SUPPORT/GENERAL&SPARE%20PARTS%20CATALOG/PRODUCT%20CATALOG/GENERAL%20DRUM%20SET/2001-snare-drum-catalog.pdf,95.45,0.0,0
01K097X407CBXWMCC8XA21PWT1,"PEARL - 6,5x14"" MAPLE MASTERS SERIE SUNBURST",Caisses Claires,"6,5x14"" MAPLE MASTERS SERIE SUNBURST","Caisse claire Masters en érable 14x6,5 offrant un son chaud, précis et polyvalent, idéale en studio comme sur scène. Finition sunburst élégante qui met en valeur le veinage du bois et s’intègre à tous les kits.",440,14,14,35.56,3.2,"{'Type de coque': 'Érable nord-américain (4 plis) + Gumwood (2 plis)', 'Épaisseur de coque': '5,3 mm', 'Bord de tension': '60° extérieur (shallow bearing edge)', 'Système de montage toms': 'R2 Air Tom Suspension (suspension 4 points)', 'Cercles': 'Mastercast Die-Cast Hoops', 'Attaches': 'CL Bridge Lugs avec inserts laiton', 'Tiges de tension': 'SST en acier inoxydable'}",https://pearldrum.com/en/products/snaredrums/masters-maplegum/masters-maplegum-snaredrum,87.05,0.0,1
01K097X7CDTYQM728TB06NJZEP,"PEARL - 6,5x14 D.CHAMBERS SIGN SERIE",Caisses Claires,"6,5x14 D.CHAMBERS SIGN SERIE","Caisse claire signature Dennis Chambers 14x6,5 alliant puissance, sensibilité et grande polyvalence. Idéale en backline pour les contextes funk, fusion et pop exigeants, elle offre une attaque précise, une réponse très réactive et un sustain contrôlé, facile à intégrer dans tout kit pro.",550,35.6,14,14,5.4,"{'Profondeur': '6,5""', 'Diamètre': '14""', 'Matériau caisse': 'Acier moulé épaisseur 3 mm', 'Construction caisse': 'Sans soudure', 'Cercles': 'Die cast MasterCast', 'Tendeurs': 'Reference Swivel lugs', 'Strainer': 'SR-1000 Glide Lock', 'Cordes': 'UltraSound SN-1420D Tension Snares'}",https://pearldrum.com/sites/default/files/image_folder/SUPPORT/GENERAL&SPARE%20PARTS%20CATALOG/PRODUCT%20CATALOG/GENERAL%20DRUM%20SET/2001-snare-drum-catalog.pdf,94.18,0.0,0
01K097XAT3TQR6R3Q0SM4XY69V,"PEARL  - 6,5x14 SENSITONE BRASS",Caisses Claires,"6,5x14 SENSITONE BRASS","Caisse claire en laiton de 14x6,5, cette Pearl Sensitone offre un son chaud, riche et complexe, avec beaucoup d’attaque et de projection, idéal du rock aux styles plus nuancés. Sa finition black nickel lui donne un look élégant et moderne, tandis que sa sensibilité et sa polyvalence en font un choix fiable aussi bien en studio que sur scène.",469,35.6,14,35.56,3.7,"{'Finition': 'Placage nickel noir sur fût en laiton', 'Fût': 'Laiton avec renfort central, épaisseur 1 mm[1][7]', 'Chanfreins': 'Chanfrein à 45° (bords de fût)[1]', 'Cerclages': 'Cercles emboutis SuperHoop II, acier 2,3 mm, 10 tirants par côté[1][4][7]', 'Tirants': 'Tirants de type CL-Bridge (CL65)[1][4][7]', 'Déclencheur de timbre': 'SR017, tirage vertical[1][4][7]', 'Timbres': 'Timbre 20 brins Ultrasound[1]', 'Peaux': 'Peau frappe Remo Ambassador coated, peau résonante Remo Ambassador Hazy snare side[1][4]', 'Sonorité': 'Son chaud et plein, riche harmoniquement, avec attaque marquée et bonne projection, polyvalent scène/studio[1][4]'}",https://pearldrum.com/en/products/snares/sensitone/heritage-alloy-blackbrass,92.7,0.0,0
01K097XE7YWRFM6HTKH3DYZKZ2,"PEARL - 6x14"" SENSITONE BRASS",Caisses Claires,"6x14"" SENSITONE BRASS","La caisse claire Pearl 6x14 SensiTone Brass offre un son chaud, riche et complexe avec un attaque puissante et des fréquences cloches typiques du laiton vintage. Parfaite pour rock, soul ou R&B, elle excelle en studio et sur scène grâce à sa projection et sa sensibilité remarquable.",679,35.6,16.5,35.56,6.5,"{'Finition du fût': 'Laiton perlé 1 mm avec placage black nickel et renfort central (beaded)', 'Profondeur du fût': '6 po', 'Diamètre du fût': '14 po', 'Type de chanfrein': '45°', 'Cercles': 'Cercles emboutis triple flange 2,3 mm SuperHoop II (10 tirants)', 'Tirants': '10 tirants par côté avec coquilles CL-Bridge', 'Déclencheur de timbre': 'SR017 à tirage vertical', 'Timbres': 'Timbre 20 brins UltraSound', 'Peaux': 'Batter Remo Ambassador sablée, timbre Remo Ambassador Hazy', 'Caractère sonore': 'Son chaud et riche, harmonique complexe avec attaque marquée et bonne projection, polyvalent scène et studio'}",https://pearldrum.com/en/products/snares/sensitone/heritage-alloy-blackbrass,96.95,0.0,0
01K097XHN48QDQKTPW7WFZ5QS8,"PEARL  - 5,5x14"" MASTER PREMIUM LEGEND",Caisses Claires,"5,5x14"" MASTER PREMIUM LEGEND","Caisse claire en érable 14x5,5 de la série Masters Premium Legend, offrant un son chaleureux, précis et puissant, avec une excellente projection, beaucoup de sensibilité et une grande polyvalence studio/scène.",600,35.6,35.6,14,5.0,"{'Fût': 'Érable 6 plis, épaisseur de pli 0,9 mm, fabrication SST (Superior Shell Technology)', 'Cercles': 'Fat Tone Hoops (cercles fins, légers, à bord ourlé soudé pour une résonance maximale)[2][4]', 'Chanfreins': 'Chanfrein type Masters, 45° optimisé pour attaque et sensibilité (profil Masters Premium/Legend)[3]', 'Tirants': 'STL Swivel Tube Lugs, tirants tubulaires à masse réduite avec alignement optimisé des tiges[3]', 'Débouchés d’air': 'Évents Golden-Ratio pour amélioration de la réponse dans le grave et de l’attaque sur la caisse claire[2]', 'Usage recommandé': 'Jeu polyvalent : R&B, rock classique et heavy, folk, jazz, punk, country (kit Legend positionné pour tous styles)[2]'}",https://pearldrum.com/sites/default/files/image_folder/SUPPORT/OWNERS%20MANUALS/mmp_mpl_om_e.pdf,92.31,0.0,1
01K097XN23WJ52A08FRDFRS8KA,"PEARL  - 5,5x14"" MASTER PREMIUM MAPLE",Caisses Claires,"5,5x14"" MASTER PREMIUM MAPLE","La caisse claire Pearl Masters Premium Maple 5,5x14 offre un son chaud et focalisé grâce à sa coque 6 plis en érable nord-américain, avec une attaque puissante, une projection optimale et une résonance lisse pour des performances live vibrantes.",650,35.56,13.97,35.56,5.5,"{'Finition des fûts': 'Vernis premium haute brillance (érable)', 'Matériau du fût': 'Érable nord-américain 6 plis', 'Épaisseur du fût': '7,5 mm', 'Type de chanfrein': 'Chanfrein 45°', 'Cerclages': 'Cerclages moulés MasterCast', 'Tirants': 'Blocs coquilles CL Bridge à faible contact', 'Peaux': 'Peaux Remo de série', 'Projection sonore': 'Attaque prononcée avec équilibre graves/médiums/aigus', 'Réponse en fréquence': 'Large spectre, avec graves soutenus, médiums puissants et aigus définis', 'Sourdine intégrée': 'Aucune, compatible avec sourdines externes', 'Déclencheur de timbre': 'Déclencheur latéral classique à réglage fin', 'Timbre': 'Timbre métal à plusieurs brins, tension réglable'}",https://pearldrum.com/global/products/drums/snare-drums/masters-maple-premium-snare-drums/mmmp1450-snare-drum-14x5-maple-6ply-7-5mm-8t-lugs-mastercast-hoops-premium-finish,95.57,0.0,0
01K097XRESY0CP2ED22P9RMJ0N,"PEARL - 5x14"" MAPLE MASTERS SERIE SILVER",Caisses Claires,"5x14"" MAPLE MASTERS SERIE SILVER","La caisse claire Pearl Masters Maple Série Silver 5x14 excelle par sa coquille 100% érable nord-américain à 6 plis, offrant une attaque puissante, un timbre chaud et équilibré des basses aux aigus, avec une projection vive idéale pour les scènes live.",640,35.6,12.7,35.56,2.8,"{'Fût': 'Érable nord-américain 6 plis (environ 7,5 mm)', 'Chanfrein': '45°', 'Cercles': 'Cercles emboutis/hoops type batterie acoustique (série Masters Maple)', 'Déclencheur de timbre': 'Déclencheur latéral type série Masters', 'Timbres': 'Timbre métal 20 brins (type caisse claire série Masters)', 'Accastillage': 'Accastillage chromé, coquilles pont CL à faible contact', 'Nombre de tirants': '10 tirants par côté', 'Peaux': 'Peau simple pli sablée côté frappe, simple pli transparente côté résonance', 'Finition': 'Finition laquée de type ""Silver"" (série Masters Maple)', 'Accordage': 'Tension par tirants indépendants avec clés carrées standard'}",https://pearldrum.com/global/products/snares/drum-set-series-snare-drums/masters-maple,90.4,0.0,0
01K097XVVMHNWC5V6HZPPS39W1,"PEARL  - 4x14"" BRASS FREE FLOATING",Caisses Claires,"4x14"" BRASS FREE FLOATING","La caisse claire Pearl 4x14 Brass Free Floating offre une présence sonore exceptionnelle et une résonance optimale grâce à sa coquille laiton libre de tout hardware, pour un timbre unique et puissant sur scène.",800,14,10.16,14,6.8,"{'Fût': 'Laiton', 'Épaisseur du fût': '1,2 mm', 'Système de fût': 'Free Floating (fût non percé, maintenu dans un châssis indépendant)[5]', 'Déclencheur de timbre': 'SR-160', 'Cercles': 'Die-Cast', 'Peaux': 'Peau de frappe Remo Ambassador sablée, peau de résonance claire', 'Timbres': 'Timbre 20 brins acier', 'Finition du fût': 'Laiton verni', 'Finition accastillage': 'Chrome', 'Nombre de tirants': '8', 'Fabrication': 'Asie'}",https://pearldrum.com/en/products/snares/free-floating/brass,87.53,0.0,0
01K097XZ92WZ4RNN2P5DFZH838,"PEARL  - 4x14"" MAPLE FREE FLOATING",Caisses Claires,"4x14"" MAPLE FREE FLOATING","Caisse claire piccolo 14x4 érable free floating signée Pearl, pensée pour offrir une réponse ultra sensible et une grande projection tout en restant très ouverte et musicale, idéale pour les grooves précis, les ghost notes articulées et les accents claquants sur scène ou en studio.",280,35.56,14.0,14,3.3,"{'Matériau coque': '100% érable', 'Épaisseur coque': '7,5 mm', 'Nombre plis coque': '6', 'Strainer': 'SR-018', 'Tiges de tension': 'Acier inoxydable', 'Récepteurs': 'Laiton massif', 'Nombre de tirants': '10', 'Type timbales': 'Libres flottantes'}",https://pearldrum.com/sites/default/files/image_folder/SUPPORT/GENERAL&SPARE%20PARTS%20CATALOG/PRODUCT%20CATALOG/GENERAL%20DRUM%20SET/2001-snare-drum-catalog.pdf,90.72,0.0,0
01K097Y2R11FR5M6NY3BJJDM9Z,"PURESOUND - 5x14"" ALUMINIUM",Caisses Claires,"5x14"" ALUMINIUM","Le PURESOUND 5x14 Aluminium est une caisse claire édition limitée ultra-rare (100 exemplaires), au shell en aluminium sans soudure offrant un son vif, résonant et polyvalent, idéal pour tous styles en backline Mulster.",170,14,12.7,14,3.17,"{'Fût': 'Aluminium sans soudure, type Supraphonic/Acrolite, série limitée UltraSonic (édition limitée à 100 exemplaires)[4]', 'Profondeur_fût': '5 po', 'Diamètre_fût': '14 po', 'Épaisseur_fût': 'non communiqué (aluminium seamless)[4]', 'Cercles': 'Cercles emboutis heavy-duty 2,3 mm (type triple-flange)[3]', 'Tirants': 'Tirants tube en laiton chromé[3]', 'Déclencheur_de_timbre': 'Déclencheur de timbre professionnel (type Puresound UltraSonic, modèle exact non communiqué)[4]', 'Timbres': 'Timbres Puresound (série professionnelle, nombre de brins non communiqué)[4]', 'Accastillage': 'Finition chromée', 'Finition_fût': 'Aluminium brut / poli (non peint)[4]', 'Nombre_de_tirants': '10 par côté (configuration typique 5x14 haut de gamme, non explicitement communiqué – déduit)'}",https://reverb.com/item/43378355-puresound-limited-edition-ultrasonic-snare-drum-5x14-aluminum-supraphonic-acrolite,85.21,0.0,0
01K097Y656J2Z6REH890036HMP,"SAKAE - 5,5x14"" TRILOGY VCO",Caisses Claires,"5,5x14"" TRILOGY VCO","La caisse claire Sakae Trilogy 5,5x14 VCO allie esthétique vintage et ingénierie moderne pour un son net et percutant. Ses coques fines en 3 plis érable/peuplier/érable avec bagues de renfort offrent une sustain exceptionnelle, une attaque vive et une résonance équilibrée, idéale pour les concerts et tournées.",1450,14,14,14,4.5,"{'Fût': '3 plis érable/peuplier/érable avec renforts de chanfrein en érable (4 plis sur toms, 6 plis sur caisse claire)', 'Épaisseur du fût': 'Environ 3 à 4 mm (hors renforts)', 'Chanfrein': '60° arrondi, type vintage', 'Finition intérieure': 'Intérieur scellé (type laque argentée)', 'Cercles': 'Cercles triple flanges 1,6 mm type Clarion Halo', 'Accastillage': 'Accastillage léger chromé, coquilles de type vintage', 'Sonorité': 'Réponse très ouverte, sustain important, caractère vintage sec et boisé, attaque précise adaptée aux styles traditionnels et pop/rock'}",https://rubixdrums.com/products/sakae-trilogy-14-x-5-5-snare-drum-sky-oyster-blue,88.61,0.0,0
01K097Y9KWXD92RJBHADMKYCNN,"SONOR  - 7x13""ASCENT WOOD",Caisses Claires,"7x13""ASCENT WOOD","Caisse claire 13x7 de la série Ascent en bois de hêtre, cette Sonor offre un son plein, précis et puissant, avec beaucoup de projection et une excellente tenue d’accord, idéale du studio à la scène.",450,33,17.8,33,6.5,"{'Matériau': 'Hêtre', 'Nombre de plis': '9', 'Épaisseur': '8,75 mm', 'Bords': '45°', 'Cercles': 'Power Hoops 2,3 mm', 'Nombre de tirants': '8', 'Tirants': 'TuneSafe', 'Processus': 'CLTF (Cross Laminated Tension Free)'}",https://www.sonormuseum.com/2010/Sonor2011_Part_2.pdf,98.87,0.0,0
01K097YD0QMYXA3G8TY49XQFMT,"SONOR  - 5,5x14"" S CLASSIX STEEL",Caisses Claires,"5,5x14"" S CLASSIX STEEL","La caisse claire SONOR S Classix Steel 5,5x14 offre un son puissant et précis, avec une coquille fine en bouleau scandinave laminé sans tension pour une résonance maximale et un sustain optimal. Idéale pour les concerts et studios, elle excelle par son attaque vive et son timbre chaud, polyvalent pour tous styles.",270,14,14.0,14,5.5,"{'Matériau coque': 'Bouleau scandinave', 'Épaisseur coque': '5 mm', 'Nombre de plis': '9', 'Jantes': 'Acier chromé moulé sous pression (option)', 'Timbales': 'TuneSafe™', 'Peaux': 'REMO USA (batter et résonance)', 'Système montage': 'T.A.R. avec APS (isolants caoutchouc)'}",https://www.sonormuseum.com/2000/SONOR_Drum_Catalog_2008_web.pdf,89.84,0.0,0
01K097YGF03KKHDY7V9S9PZ829,"SONOR  - 6,5x14"" ASCENT STEEL",Caisses Claires,"6,5x14"" ASCENT STEEL","Caisse claire Sonor Ascent Steel 14x6,5 au timbre clair et précis, offrant une attaque brillante et beaucoup de projection grâce à son fût acier, idéale pour un jeu puissant en rock, pop ou live.",650,36.8,14,14,3.99,"{'Diamètre': '14""', 'Profondeur': '6,5""', 'Matériau Fût': 'Acier', 'Épaisseur Fût': '1 mm', 'Finition': 'Chromé', 'Bords de Timbre': '45°', 'Jantes': 'Die-cast', 'Crampons': '10 crampons', 'Système TuneSafe': 'Oui', 'Timbrage': 'Standard', 'Peaux': 'Remo'}",https://www.sonor.com/fileadmin/user_upload/Spare_parts/Drums/Archiv_Ascent_Series/asc_11_snare_drums_1455_1465_black_chrome.pdf,92.3,0.0,0
01K097YKX6RQ9503X3CT26HY3Y,"SONOR  - 6,5x14"" ASCENT WOOD",Caisses Claires,"6,5x14"" ASCENT WOOD","La caisse claire Sonor Ascent Wood 6,5x14 excelle par son fût en bois aux vibrations riches et chaleureuses, offrant un son puissant, précis et polyvalent pour tous styles. Idéale en backline pour concerts et tournées, elle garantit une réponse exceptionnelle et une projection optimale.",300,39.4,14,14,4.9,"{'Matériau de la caisse': 'Hêtre', 'Épaisseur de la caisse': '8,75 mm', 'Nombre de plis': '9', 'Jantes': 'Die-cast', 'Bords de contact': '45°', 'Procédé de fabrication': 'CLTF (Cross Laminated Tension Free)', 'Timbres': 'REMO Ambassador Coated (batterie), REMO Ambassador (résonante)'}",https://www.sonor.com/fr/instruments/batteries/ascent-series,93.9,0.0,0
01K097YQE9H43M677XB5Y16DHK,"SONOR  - 5x12"" ARTIST SERIES",Caisses Claires,"5x12"" ARTIST SERIES","Petite caisse claire 12 x 5 Artist Series en bouleau, pensée pour offrir un son claquant, précis et très réactif, idéal pour les grooves funk, fusion ou les accents tranchants sur un kit principal ou en side snare.",650,30.5,12.7,30.48,3.4,"{'Matériau coque': 'Bouleau', 'Construction coque': '12 plis', 'Profondeur coque': '5 pouces', 'Diamètre coque': '12 pouces', 'Finition hardware': 'Chrome', 'Timbales': 'Aciers inoxydables originaux', 'Type hoops': 'Die-cast', 'Épaisseur coque': '12 mm', 'Son': 'Brillant et agressif avec clarté dans les aigus, attaque rapide et focalisée'}",https://www.sonor.com/fileadmin/user_upload/Downloads/Drums/Artist_Snares/Sonor_Artist_Snares_Brochure.pdf,93.73,0.0,0
01K097YTTSX4RYHWTMKWJTR65C,"SONOR - 5x14"" SOUND DESIGNER",Caisses Claires,"5x14"" SOUND DESIGNER","La caisse claire SONOR 5x14 Sound Designer de la Vintage Series offre un son authentique des années 50-70 grâce à ses fûts en hêtre allemand, avec des bords arrondis pour une attaque précise et résonante. Équipée de lugs teardrop modernisés TuneSafe et d'un système de tirant Super 50, elle excelle en clarté et puissance pour tous styles de musique.",1250,35.6,12.7,35.56,5.0,"{'Matériau coque': 'Hêtre', 'Nombre de plis': '9', 'Épaisseur coque': '6 mm', 'Type chantournage': 'Chantournage arrondi', 'Cercles': 'Superprofil Hoops', 'Tendeurs': ""Tendeurs goutte d'eau, espacement trous 32 mm"", 'Finition hardware': 'Chrome', 'Méthode fabrication': 'CLTF (Cross Laminated Tension Free), OSM (Optimum Shell Measurement)', 'Autres caractéristiques': 'TuneSafe System', 'Lance-cordes': 'Super 50 Throw-Off System'}",https://www.sonor.com/drums/instruments/products/mt-14x575-sdw-gtb,94.76,0.0,0
01K097YY98PS7JZG9BMW61BM0F,"TAMA  - 5x14"" KENNY ARONOFF SIGN",Caisses Claires,"5x14"" KENNY ARONOFF SIGN","Caisse claire signature TAMA 5x14 Kenny Aronoff, éditée en collaboration avec le légendaire batteur de rock. Fût en érable 7 plis pour un son chaud, résonant et polyvalent, avec réglage fin des cordes hybrides (nickel et nylon) pour une réponse précise et expressive. Idéale pour les concerts live et tournées Mulster.",450,14,14,14,6.8,"{'Type de caisse': 'Caisses claires concert', 'Fût': '7 plis érable, 6 mm', 'Ventilation': ""3 trous d'air"", 'Trous de tirant': '10 trous', 'Tirant': 'Steel Mighty Hoop', 'Strainer': 'MLS50AC avec réglage fin', 'Butt plate': 'MLS50BC', 'Câbles timbales': 'Hybrid Snare Wire (MS12NN14L): 6 brins centre en corde à guitare nickelée, 3 brins extérieurs en acier inoxydable gainé nylon'}",https://www.tama.com/usa/products/detail/clmp145.html,89.98,0.0,0
01K097Z1NTX4S1GBZSYBGRKWMD,"TAMA  - 5,5x14"" STEWART COPELAND SIGNATURE",Caisses Claires,"5,5x14"" STEWART COPELAND SIGNATURE","La caisse claire signature Stewart Copeland de Tama (5,5x14) reproduit fidèlement le son iconique du batteur de The Police, avec une clarté tranchante qui perce le mix et une attaque puissante idéale pour les concerts. Élégante et polyvalente, elle offre une réponse vive et un groove percutant pour tous styles.",580,14,13.97,14,3.6,"{'Taille': '14"" x 5""', 'Matériau Fût': 'Laiton 1,5 mm', 'Cerceaux': 'Die-Cast (côté batter, 10 trous) / Acier Triple Flange Mighty Hoop (côté snare, 10 trous)', 'Timbales': '20 brins Starclassic Acier Carbone (MS20SN14S)', 'Strainer': 'Linear-Drive MLS50A / MLS50B', 'Lugs': 'MSL35', 'Peaux': 'REMO Coated Ambassador (batter et snare)'}",https://www.tama.com/usa/products/snare_drums/sc145.html,87.17,0.0,0
01K097Z56ZFAP8KG4AX96ND5P5,"TAMA - 5,5x14"" STARCLASSIC MAPLE BLK",Caisses Claires,"5,5x14"" STARCLASSIC MAPLE BLK","Caisse claire 5,5x14 Starclassic Maple offrant un mélange puissant d’attaque précise et de chaleur naturelle du érable, idéale pour percer dans le mix tout en restant musicale et polyvalente sur scène.",695,14,14.0,14,3.4,"{'Fût': 'Érable 100 %', 'Épaisseur du fût': '6 plis, 5 mm', 'Accastillage': 'Finition noire', 'Chanfrein': 'Profil TAMA avec arête décalée de 2,5 mm vers l’intérieur pour une meilleure mise en contact avec la peau', 'Cercles': 'Cercles moulés (die-cast)', 'Déclencheur de timbre': 'Modèle professionnel TAMA Starclassic', 'Timbres': 'Timbre 20 brins', 'Peau de frappe': 'Evans G1 sablée', 'Peau de résonance': 'Peau simple pli transparente spéciale caisse claire', 'Profondeur': '5,5 ″', 'Diamètre': '14 ″'}",https://www.tama.com/usa/products/drum_kits/starclassic_performer_wb_drumkit.html,86.87,0.0,0
01K097Z8N7C9JJ18GDRZFD455Y,"TAMA  - 6,5x14"" ARTSTAR SOLID BLACK",Caisses Claires,"6,5x14"" ARTSTAR SOLID BLACK","Caisse claire vintage Tama Artstar 6,5x14 en finition Solid Black, idéale pour le rock et le métal, avec un son puissant, profond et très précis, beaucoup de projection et une excellente réponse aux frappes nuances.",650,14,16.5,14,7.2,"{'Diamètre': '6,5""', 'Profondeur': '14""', 'Finition': 'Noir mat solide', 'Matériau': 'Érable Rock Maple canadien[1]', 'Épaisseur coque': '6 mm[2]'}",https://www.hoshinogakki.co.jp/pdf/tama/catalog/1986ArtstarII.pdf,91.55,0.0,0
01K097ZC6697P50QSK6Y7FRR9Z,"TAMA - 6,5x14"" SLP BLK",Caisses Claires,"6,5x14"" SLP BLK","La caisse claire TAMA SLP 6,5x14 BLK de la série Sound Lab Project excelle par son attaque incisive et sa projection puissante, idéale pour les concerts live. Son design noir élégant et sa réponse sensible en font un choix premium pour les batteurs exigeants en location backline.",430,36.8,14,35.56,6.2,"{'Diamètre': '14""', 'Profondeur': '6,5""', 'Matériau caisse': 'Érable 100%', 'Épaisseur caisse': '5 mm', 'Nombre plis caisse': '6', 'Cercles': 'Cercles en érable 100%', 'Tendeur': 'Starclassic lug', 'Cordes': '20 brins en acier carbone'}",https://tama.com/eu/products/snare-drums/slpd/,95.51,0.0,0
01K097ZFMDGVN0P7AT278SMVQ4,"YAMAHA  - 7x14"" ABSOLUTE MAPLE CHERRY DARK",Caisses Claires,"7x14"" ABSOLUTE MAPLE CHERRY DARK","Caisse claire Yamaha Absolute Hybrid Maple 7x14 Cherry Dark : hybridation érable-wengé pour un son riche et clair sur toute la dynamique, du murmure au tonnerre. Réactive, puissante et polyvalente, idéale pour une expression créative en live.",1200,35.6,35.6,35.56,7.5,"{'Fût': 'Érable (série Absolute Maple), 7 plis', 'Finition': 'Laqué coloris Cherry Dark', 'Profondeur du fût': '14""', 'Diamètre du fût': '7""', 'Type de chanfrein': '45° (profil tom/caisse claire Yamaha Absolute)', 'Cercles': 'Cercles moulés aluminium 3,0 mm', 'Tirants et coquilles': 'Coquilles type Hook Lug Yamaha', 'Débouché d’air': 'Orifice d’évent optimisé selon le volume du fût', 'Accastillage': 'Finition chromée', 'Peaux d’origine': 'Peau simple pli sablée côté frappe, simple pli transparente côté résonance', 'Remarques': 'Fabrication haut de gamme série Absolute (atelier Japon), polyvalente studio/scène, registre moderne et précis'}",https://usa.yamaha.com/products/musical_instruments/drums/ac_drums/snare_drums/maple_custom_absolute_iii/lineup.html,92.86,0.0,0
01K097ZK3YA0ZZARRD05DFVJ23,"YAMAHA  - 7x14"" ABSOLUTE MAPLE BLACK SPARKLE",Caisses Claires,"7x14"" ABSOLUTE MAPLE BLACK SPARKLE","Caisse claire haut de gamme en érable, cette 7x14 Absolute Maple offre une projection puissante, un son chaud et précis, idéal aussi bien pour le studio que pour la scène, sublimé par une élégante finition Black Sparkle.",895,35.6,35.6,35.56,7.7,"{'Matériau coque': 'Érable-Wengé-Érable hybride 7 plis', 'Épaisseur coque': '6,1 mm (TT, FT), 7,7 mm (BD)', 'Cerclages': 'Aluminium moulé sous pression 3,0 mm (TT/FT)', 'Attache toms': 'Y.E.S.S. III', 'Lugs': 'Hook Lug avec mécanisme de verrouillage interne', 'Bordure tambour': '45° / R1,5 (SD, TT, FT), 30° / R1,5 (BD)', 'Finition intérieure': 'Vintage Natural', 'Têtes toms': 'Haut: Yamaha Remo Emperor Clear, Bas: Yamaha Remo Ambassador Clear'}",https://usa.yamaha.com/files/download/other_assets/5/333485/absolute_brochure.pdf,92.7,0.0,0
01K097ZPKX9A48VXZBCJEY3CZ7,"YAMAHA  - 6,5x14"" BRASS 'NEW'",Caisses Claires,"6,5x14"" BRASS 'NEW'","Caisse claire Yamaha 6,5x14 brass au son plein et précis, pensée pour le studio comme la scène. Le fût en laiton offre un médium riche, une belle projection et une large plage d’accordage, idéale pour des rimshots tranchants et une excellente définition des ghost notes.",695,16.5,16.5,14,6.8,"{'Épaisseur coquille': '1,2 mm', 'Matériau coquille': 'Laiton', 'Type timbales': '25 fils', 'Lit timbales': '2,4 mm', 'Bords de timbale': '45 degrés', 'Strainer relâchement': 'Q type', 'Strainer culotte': 'DC3 type', 'Timbale supérieure': 'REMO Coated Ambassador', 'Timbale inférieure': 'REMO Snare Ambassador', 'Arceaux': 'Dyna Hoop 2,3 mm', 'Lugs': 'One-piece (10)', 'Perles centrales': 'Extérieures'}",https://fr.yamaha.com/products/contents/musical_instruments/drums/recording_custom/index.html,92.47,0.0,0
01K097ZT40K9B2V2W2NZ53F4AN,"YAMAHA  - 6x13"" MUSASHI",Caisses Claires,"6x13"" MUSASHI","Caisse claire en chêne très expressive, la Yamaha Musashi 6x13 offre un son à la fois claquant et chaleureux, avec beaucoup de projection pour percer dans le mix. Polyvalente, elle accepte aussi bien un accordage tendu et moderne qu’un réglage plus bas et gras, ce qui en fait une excellente caisse principale ou side snare pour le rock, la pop ou les musiques plus musclées.",260,33,16.5,33,3.9,"{'Fût': 'Chêne, 7 plis, épaisseur 7 mm', 'Profondeur du fût': '6,5″', 'Nombre de plis du fût': '7', 'Chanfreins caisse claire': 'Sillons de timbre 2,7 mm', 'Cercles': 'Acier, triple flange, 1,6 mm', 'Nombre de tirants': '8', 'Déclencheur de timbre': 'Type B (côté déclencheur et côté tirant)', 'Timbres': '20 brins, acier carbone haute teneur', 'Peau de frappe': 'Remo Coated Ambassador', 'Peau de résonance': 'Remo Clear Ambassador (poids Ambassador)', 'Finition': 'Transparent Black', 'Fabrication': 'Japon', 'Autres': 'Système de collage Air-Seal garantissant la circularité et la résonance du fût'}",https://usa.yamaha.com/news_events/2008/20080919_a-snare-drum-for-all-seasons-a-premier-birch-and-vintage-vibe-among-new-yamaha-releases_us.html,95.93,0.0,0
01K097ZXJWESTC7Q5Y5SJ12GCK,"YAMAHA  - 6x14"" BAMBOO",Caisses Claires,"6x14"" BAMBOO","Caisse claire en bambou offrant un son chaud et boisé, très sensible aux nuances. Idéale en studio comme sur scène, elle combine attaque précise, sustain contrôlé et belle profondeur, parfaite pour les styles exigeant à la fois finesse et projection.",650,35.6,15.2,14,8.0,"{'Fût': 'Bambou', 'Epaisseur du fût': '6 plis (bambou)', 'Type de chanfrein': '45°', 'Cercles': 'Fermés moulés (die-cast), 10 tirants', 'Déclencheur': 'Type Q avec butt DC3', 'Tirants de timbre': '25 brins en acier carbone', 'Peaux d’origine': 'Batter : Remo Coated Ambassador, Résonant : Remo Hazy Ambassador', 'Réponse en fréquence': 'Large, avec médiums prononcés et graves chaleureux (selon accordage)', 'Sensibilité': 'Très élevée, grande réactivité aux nuances', 'Usage recommandé': 'Jeu polyvalent studio / live, du medium au fort, accordages graves à medium', 'Connectique': 'Aucune (instrument acoustique)', 'Finition': 'Laqué brillant intérieur / extérieur'}",https://rubixdrums.com/products/yamaha-14-x-6-5-custom-bamboo-snare-drum,94.43,0.0,0
01K098011WQNVBJQZXNMJYFHHE,"YAMAHA  - 5,5x14"" COPPER",Caisses Claires,"5,5x14"" COPPER","Caisse claire Yamaha 14x5,5 en cuivre, au son chaud, profond et très réactif. Idéale pour ajouter du caractère et une attaque précise, avec des harmoniques riches qui restent maîtrisables en live comme en studio.",684,35.6,14,35.56,6.8,"{'Fût': 'Cuivre sans soudure', 'Type de fût': 'Martelé', 'Profondeur du fût': '5,5""', 'Diamètre du fût': '14""', 'Chanfrein des bords': '45°', 'Déclencheur': 'Déclencheur latéral Yamaha', 'Cercles': 'Cercles emboutis triple pli 2,3 mm', 'Tirants par côté': '10', 'Départ usine': 'Peaux simple pli type frappe/retour', 'Origine de fabrication': 'Japon'}",https://usa.yamaha.com/products/musical_instruments/drums/series/nouveau_snare_drums/index.html,95.56,0.0,0
01K09804HWMH8S0K750JEB3NKE,"YAMAHA  - 5,5x14"" MAPLE CUSTOM",Caisses Claires,"5,5x14"" MAPLE CUSTOM","Caisson de caisse Yamaha Maple Custom 5,5x14 au son chaud et ouvert grâce à sa coque 100% érable. Polyvalent pour tous les styles, il offre une réponse sensible, un decay rapide et une plage d'accordage exceptionnelle, parfait pour les tournées et studios.",780,13.97,14.0,14,3.2,"{'Fût': 'Érable 7 plis', 'Profondeur du fût': '5,5″', 'Diamètre du fût': '14″', 'Type de chanfrein': '45°', 'Cercles': 'Cercles moulés (die-cast)', 'Nombre de tirants': '10 tirants', 'Accastillage': '20 coquilles indépendantes plaquées or, déclencheur et butt-plate réglables', 'Nombre de brins de timbre': 'Timbre 20 brins (configuration standard sur ce modèle)', 'Type de fût': 'Construction entièrement en érable pour un son chaud, précis et polyvalent'}",https://fr.audiofanzine.com/caisse-claire-acoustique/yamaha/maple-custom/user_reviews/,86.54,0.0,0
01K098080YH0DRS987K1SD4Q75,"YAMAHA  - 5x14"" ABSOLUTE MAPLE SILVER SPRK",Caisses Claires,"5x14"" ABSOLUTE MAPLE SILVER SPRK","Caisse claire 5x14 en érable de la série Absolute, cette Yamaha Silver Sparkle offre un son précis, ouvert et très réactif. Idéale en studio comme sur scène, elle combine grosse projection, belle chaleur dans les médiums et une finition scintillante qui ressort sur tous les plateaux.",450,35.6,14.0,14,5.5,"{'Type de coque': 'Érable-Wengé-Érable hybride 7 plis', 'Épaisseur coque': '6,1 mm (TT, FT), 7,7 mm (BD)', 'Cerclages TT/FT': 'Aluminium moulé sous pression 3,0 mm', 'Cerclages BD': 'Cerclages bois', 'Lugs': 'Lugs à crochet avec mécanisme de verrouillage interne', 'Bords de timbale': '45 degrés / R1,5 (SD, TT, FT), 30 degrés / R1,5 (BD)', 'Système de montage toms': 'Y.E.S.S. III', 'Finition intérieure': 'Vintage Natural', ""Trous d'évent"": ""Optimisés selon capacité d'air de la coque""}",https://usa.yamaha.com/files/download/other_assets/5/334105/absolute_series_color_lineup.pdf,94.71,0.0,0
01K0980BFD8VWA9X8ACZ16G1K6,"YAMAHA  - 5x14"" ABSOLUTE MAPLE CHERRY DARK",Caisses Claires,"5x14"" ABSOLUTE MAPLE CHERRY DARK","Caisse claire 5x14 en érable de la série Absolute, cette Yamaha offre un son à la fois précis et chaleureux, avec une belle projection pour la scène. Sa finition Cherry Dark apporte un look élégant et haut de gamme, idéal pour les sets modernes comme les configurations plus classiques.",695,35.6,14,35.56,7.5,"{'Fût': 'Érable 6 plis (caisse claire)', 'Profondeur': '5 po', 'Diamètre': '14 po', 'Finition': 'Laquée Cherry Dark', 'Chanfreins': '45° optimisés pour une réponse équilibrée', 'Cercles': 'Aluminium moulé sous pression 3 mm', 'Tirants': 'Type Absolute / Hook à faible masse', 'Déclencheur': 'Mécanisme latéral avec réglage fin de tension', 'Débouché_d_air': 'Orifice d’évent optimisé pour l’équilibre attaque/sustain', 'Peaux': 'Type Remo (simple pli sablée côté frappe, simple pli clair côté résonant)', 'Accastillage': 'Chrome, conception basse masse pour une meilleure résonance'}",https://europe.yamaha.com/en/musical-instruments/drums/products/drum-sets/absolute-hybrid-maple/,95.56,0.0,0
01K0980F0ASMT529QMCB90GAW6,"YAMAHA  - 5x14"" ABSOLUTE MAPLE  BLACK SPARKLE",Caisses Claires,"5x14"" ABSOLUTE MAPLE  BLACK SPARKLE","Caisse claire Yamaha Absolute Hybrid Maple 5x14 Black Sparkle : coquille hybride érable-wengé pour un son riche et clair sur toute la dynamique, attaque puissante, réponse précise à chaque frappe, idéal pour une expressivité maximale en live.",450,14,14,14,3.4,"{'Diamètre': '14 pouces', 'Profondeur': '5 pouces', 'Matériau coque': 'Érable/Wengé hybride 7 plis', 'Épaisseur coque': '6,2 mm', 'Cercles': 'Aluminium moulé sous pression 3,0 mm', 'Tendeurs': '10 tendeurs à crochet', 'Libérateur': 'Q-Type', 'Plaque arrière': 'DC3', 'Câbles timbale': '25 brins', 'Bords de cerclage': '45°/R1,5', 'Finition intérieure/extérieure': 'Vintage Natural', 'Matériel': 'Chrome', 'Timbales': 'Remo Coated Ambassador (batterie), Remo Hazy Ambassador (résonance)'}",https://europe.yamaha.com/files/download/other_assets/3/333593/ams1460_ams1465_ams1460r_ams1455r_en_rt_c0.pdf,87.05,0.0,0
01K0980JJ4HXRN7KK7J6CJF1PH,"YAMAHA  - 4x14"" ABSOLUTE MAPLE SOLID BLACK",Caisses Claires,"4x14"" ABSOLUTE MAPLE SOLID BLACK","Caisse claire Yamaha Maple Custom Absolute 4x14 Solid Black offrant une réponse ultra rapide, très sensible et précise, idéale pour les jeux articulés et les ghost notes, avec un timbre clair, sec et moderne qui perce facilement dans le mix.",400,36,10.16,35.6,9.5,"{'Fût': 'Érable', 'Épaisseur du fût': '≈6,2 mm, 7 plis', 'Type de chanfrein': '45°', 'Cercles': 'Fonderie aluminium 3,0 mm', 'Tirants': 'Type hook lugs avec système de blocage interne', 'Déclencheur de timbres': 'Déclencheur latéral haute précision', 'Timbres': 'Tapis 20 brins (type standard caisse claire)', 'Peaux d’origine': 'Batter : type Remo Ambassador sablée, Réso : type Remo Ambassador claire', 'Finition fût': 'Laqué brillant (noir uni)', 'Accastillage': 'Chromé', 'Accordage recommandé': 'Tension moyenne à élevée pour une réponse précise et articulée', 'Usage conseillé': 'Jeu studio et live nécessitant une grande sensibilité et une attaque nette'}",https://europe.yamaha.com/en/musical-instruments/drums/products/drum-sets/absolute-hybrid-maple/specs.html,89.51,0.0,0
01K0980P3GZ1XD8716B1R115D5,"YAMAHA  - 4x14"" BRASS",Caisses Claires,"4x14"" BRASS","Caisse claire piccolo 14x4 en laiton, très sensible et réactive, avec une attaque précise et brillante typique du métal, mais suffisamment de corps pour rester musicale dans tous les styles.",300,1,14,35.56,3.6,"{'Fût': 'Laiton', 'Profondeur du fût': '4″', 'Diamètre du fût': '14″', 'Type de caisse': 'Piccolo', 'Cercles': 'Cercles emboutis type triple-flange', 'Matériau des cercles': 'Acier', 'Épaisseur des cercles': '2,3 mm (type DynaHoop ou équivalent)', 'Déclencheur timbre': 'Latéral, simple tirant', 'Timbre': 'Timbre acier 20 brins', 'Chanfrein': '45°', 'Coquilles': 'Coquilles séparées à tirants simples', 'Finition du fût': 'Laiton verni ou chromé'}",https://usa.yamaha.com/files/download/other_assets/1/1200281/r_sm-027m1b0a0_electric_drum_en_lr.pdf,83.23,0.0,0
01K0980SMMVZ1D4Y6WS033DFPJ,"YAMAHA  - 4x14"" COPPER",Caisses Claires,"4x14"" COPPER","Caisson de caisse claire Yamaha 4x14 en cuivre poli, offrant un son chaud et contrôlé avec un craquement riche et réactif. Idéal pour tous styles musicaux, il allie la douceur du bois à la puissance du métal, parfait pour les tournées et studios Mulster.",730,10.2,10.2,35.56,7.7,"{'Épaisseur de la coquille': '3 mm', 'Matériau de la coquille': 'Cuivre roulé', 'Finition': 'Cuivre poli', 'Cercles': '3,0 mm triple flanged True Hoops', 'Strainer': 'MAG throw-off', 'Plate-forme de talon': '5 positions', 'Matériel': 'Chrome ou Cuivre'}",https://usa.yamaha.com/files/download/other_assets/5/334135/YD05118_YD05119EN.pdf,87.28,0.0,0
